	no_asm	no_8x8dct	no_cabac	no_deblock	no_fast_pskip	no_mbtree	no_mixed_refs	no_weightb	rc_lookahead	rc_lookahead_20	rc_lookahead_40	rc_lookahead_60	ref	ref_1	ref_5	ref_9	measured_value
0	1	0	0	0	0	0	0	0	1	1	0	0	1	1	0	0	643.97
1	1	0	0	1	0	0	0	1	1	1	0	0	1	1	0	0	643.97
2	1	1	0	1	1	0	1	0	1	1	0	0	1	1	0	0	643.97
3	1	1	1	0	1	1	0	1	1	0	0	1	1	0	0	1	643.97
4	1	1	0	1	0	1	0	0	1	0	0	1	1	0	0	1	643.97
5	1	1	0	1	1	1	0	0	1	0	0	1	1	0	0	1	643.97
6	1	1	0	1	0	1	0	1	1	0	0	1	1	0	0	1	643.97
7	1	1	0	1	1	1	0	1	1	0	0	1	1	0	0	1	643.97
8	1	1	1	1	0	1	0	0	1	0	0	1	1	0	0	1	643.97
9	1	1	1	1	0	1	0	1	1	0	0	1	1	0	0	1	643.97
10	1	1	1	1	1	1	0	0	1	0	0	1	1	0	0	1	643.97
11	1	1	1	1	1	1	0	1	1	0	0	1	1	0	0	1	643.97
12	1	1	0	0	0	1	1	0	1	0	0	1	1	0	0	1	643.97
13	1	1	1	0	0	0	1	0	1	1	0	0	1	1	0	0	643.97
14	1	1	0	0	1	1	1	0	1	0	0	1	1	0	0	1	643.97
15	1	1	1	0	0	1	1	0	1	0	0	1	1	0	0	1	643.97
16	1	1	1	0	1	1	1	0	1	0	0	1	1	0	0	1	643.97
17	1	1	0	1	0	1	1	0	1	0	0	1	1	0	0	1	643.97
18	1	1	1	1	0	1	1	0	1	0	0	1	1	0	0	1	643.97
19	1	1	0	1	1	1	1	0	1	0	0	1	1	0	0	1	643.97
20	1	1	1	1	1	1	1	0	1	0	0	1	1	0	0	1	643.97
21	1	1	0	0	0	1	1	1	1	0	0	1	1	0	0	1	643.97
22	1	1	0	0	1	1	1	1	1	0	0	1	1	0	0	1	643.97
23	1	1	0	1	0	1	1	1	1	0	0	1	1	0	0	1	643.97
24	1	1	1	0	1	0	1	0	1	1	0	0	1	1	0	0	643.97
25	1	1	0	1	1	1	1	1	1	0	0	1	1	0	0	1	643.97
26	1	1	1	0	0	1	1	1	1	0	0	1	1	0	0	1	643.97
27	1	1	1	1	0	1	1	1	1	0	0	1	1	0	0	1	643.97
28	1	1	1	0	1	1	1	1	1	0	0	1	1	0	0	1	643.97
29	1	1	1	1	1	1	1	1	1	0	0	1	1	0	0	1	643.97
30	1	0	0	0	0	0	0	0	1	0	1	0	1	0	0	1	643.97
31	1	0	1	0	0	0	0	0	1	0	1	0	1	0	0	1	643.97
32	1	0	0	0	0	0	0	1	1	0	1	0	1	0	0	1	643.97
33	1	0	1	0	0	0	0	1	1	0	1	0	1	0	0	1	643.97
34	1	0	0	0	0	0	1	0	1	0	1	0	1	0	0	1	643.97
35	1	1	1	1	0	0	1	0	1	1	0	0	1	1	0	0	643.97
36	1	0	0	0	0	0	1	1	1	0	1	0	1	0	0	1	643.97
37	1	0	1	0	0	0	1	0	1	0	1	0	1	0	0	1	643.97
38	1	0	1	0	0	0	1	1	1	0	1	0	1	0	0	1	643.97
39	1	0	0	0	0	1	0	0	1	0	1	0	1	0	0	1	643.97
40	1	0	1	0	0	1	0	0	1	0	1	0	1	0	0	1	643.97
41	1	0	0	0	0	1	1	0	1	0	1	0	1	0	0	1	643.97
42	1	0	1	0	0	1	1	0	1	0	1	0	1	0	0	1	643.97
43	1	0	0	0	0	1	0	1	1	0	1	0	1	0	0	1	643.97
44	1	0	0	0	0	1	1	1	1	0	1	0	1	0	0	1	643.97
45	1	0	1	0	0	1	0	1	1	0	1	0	1	0	0	1	643.97
46	1	1	1	1	1	0	1	0	1	1	0	0	1	1	0	0	643.97
47	1	0	1	0	0	1	1	1	1	0	1	0	1	0	0	1	643.97
48	1	1	0	0	0	0	0	0	1	0	1	0	1	0	0	1	643.97
49	1	1	1	0	0	0	0	0	1	0	1	0	1	0	0	1	643.97
50	1	1	0	0	0	0	0	1	1	0	1	0	1	0	0	1	643.97
51	1	1	1	0	0	0	0	1	1	0	1	0	1	0	0	1	643.97
52	1	1	0	0	0	1	0	0	1	0	1	0	1	0	0	1	643.97
53	1	1	0	0	0	1	0	1	1	0	1	0	1	0	0	1	643.97
54	1	1	1	0	0	1	0	0	1	0	1	0	1	0	0	1	643.97
55	1	1	1	0	0	1	0	1	1	0	1	0	1	0	0	1	643.97
56	1	1	0	0	0	0	1	0	1	0	1	0	1	0	0	1	643.97
57	1	1	0	0	0	1	1	0	1	1	0	0	1	1	0	0	643.97
58	1	1	1	0	0	0	1	0	1	0	1	0	1	0	0	1	643.97
59	1	1	0	0	0	1	1	0	1	0	1	0	1	0	0	1	643.97
60	1	1	1	0	0	1	1	0	1	0	1	0	1	0	0	1	643.97
61	1	1	0	0	0	0	1	1	1	0	1	0	1	0	0	1	643.97
62	1	1	0	0	0	1	1	1	1	0	1	0	1	0	0	1	643.97
63	1	1	1	0	0	0	1	1	1	0	1	0	1	0	0	1	643.97
64	1	1	1	0	0	1	1	1	1	0	1	0	1	0	0	1	643.97
65	1	0	0	0	1	0	0	0	1	0	1	0	1	0	0	1	643.97
66	1	0	1	0	1	0	0	0	1	0	1	0	1	0	0	1	643.97
67	1	0	0	0	1	0	0	1	1	0	1	0	1	0	0	1	643.97
68	1	1	0	1	0	1	1	0	1	1	0	0	1	1	0	0	643.97
69	1	0	1	0	1	0	0	1	1	0	1	0	1	0	0	1	643.97
70	1	0	0	0	1	0	1	0	1	0	1	0	1	0	0	1	643.97
71	1	0	0	0	1	0	1	1	1	0	1	0	1	0	0	1	643.97
72	1	0	1	0	1	0	1	0	1	0	1	0	1	0	0	1	643.97
73	1	0	1	0	1	0	1	1	1	0	1	0	1	0	0	1	643.97
74	1	1	0	0	1	0	0	0	1	0	1	0	1	0	0	1	643.97
75	1	1	1	0	1	0	0	0	1	0	1	0	1	0	0	1	643.97
76	1	1	0	0	1	0	1	0	1	0	1	0	1	0	0	1	643.97
77	1	1	1	0	1	0	1	0	1	0	1	0	1	0	0	1	643.97
78	1	1	0	0	1	0	0	1	1	0	1	0	1	0	0	1	643.97
79	1	1	1	0	0	1	1	0	1	1	0	0	1	1	0	0	643.97
80	1	1	0	0	1	0	1	1	1	0	1	0	1	0	0	1	643.97
81	1	1	1	0	1	0	0	1	1	0	1	0	1	0	0	1	643.97
82	1	1	1	0	1	0	1	1	1	0	1	0	1	0	0	1	643.97
83	1	0	0	0	1	1	0	0	1	0	1	0	1	0	0	1	643.97
84	1	0	1	0	1	1	0	0	1	0	1	0	1	0	0	1	643.97
85	1	0	0	0	1	1	0	1	1	0	1	0	1	0	0	1	643.97
86	1	0	1	0	1	1	0	1	1	0	1	0	1	0	0	1	643.97
87	1	1	0	0	1	1	0	0	1	0	1	0	1	0	0	1	643.97
88	1	1	0	0	1	1	0	1	1	0	1	0	1	0	0	1	643.97
89	1	1	1	0	1	1	0	0	1	0	1	0	1	0	0	1	643.97
90	1	1	1	1	0	1	1	0	1	1	0	0	1	1	0	0	643.97
91	1	1	1	0	1	1	0	1	1	0	1	0	1	0	0	1	643.97
92	1	0	0	0	1	1	1	0	1	0	1	0	1	0	0	1	643.97
93	1	0	1	0	1	1	1	0	1	0	1	0	1	0	0	1	643.97
94	1	1	0	0	1	1	1	0	1	0	1	0	1	0	0	1	643.97
95	1	1	1	0	1	1	1	0	1	0	1	0	1	0	0	1	643.97
96	1	0	0	0	1	1	1	1	1	0	1	0	1	0	0	1	643.97
97	1	1	0	0	1	1	1	1	1	0	1	0	1	0	0	1	643.97
98	1	0	1	0	1	1	1	1	1	0	1	0	1	0	0	1	643.97
99	1	1	1	0	1	1	1	1	1	0	1	0	1	0	0	1	643.97
100	1	0	0	1	0	0	0	0	1	0	1	0	1	0	0	1	643.97
101	1	1	0	0	1	1	1	0	1	1	0	0	1	1	0	0	643.97
102	1	0	1	1	0	0	0	0	1	0	1	0	1	0	0	1	643.97
103	1	0	0	1	0	0	0	1	1	0	1	0	1	0	0	1	643.97
104	1	0	1	1	0	0	0	1	1	0	1	0	1	0	0	1	643.97
105	1	0	0	1	0	0	1	0	1	0	1	0	1	0	0	1	643.97
106	1	0	0	1	0	0	1	1	1	0	1	0	1	0	0	1	643.97
107	1	0	1	1	0	0	1	0	1	0	1	0	1	0	0	1	643.97
108	1	0	1	1	0	0	1	1	1	0	1	0	1	0	0	1	643.97
109	1	0	0	1	0	1	0	0	1	0	1	0	1	0	0	1	643.97
110	1	0	1	1	0	1	0	0	1	0	1	0	1	0	0	1	643.97
111	1	0	0	1	0	1	1	0	1	0	1	0	1	0	0	1	643.97
112	1	0	1	0	0	0	0	1	1	1	0	0	1	1	0	0	643.97
113	1	1	1	0	1	1	1	0	1	1	0	0	1	1	0	0	643.97
114	1	0	1	1	0	1	1	0	1	0	1	0	1	0	0	1	643.97
115	1	0	0	1	0	1	0	1	1	0	1	0	1	0	0	1	643.97
116	1	0	0	1	0	1	1	1	1	0	1	0	1	0	0	1	643.97
117	1	0	1	1	0	1	0	1	1	0	1	0	1	0	0	1	643.97
118	1	0	1	1	0	1	1	1	1	0	1	0	1	0	0	1	643.97
119	1	0	0	1	1	0	0	0	1	0	1	0	1	0	0	1	643.97
120	1	0	1	1	1	0	0	0	1	0	1	0	1	0	0	1	643.97
121	1	0	0	1	1	0	0	1	1	0	1	0	1	0	0	1	643.97
122	1	0	1	1	1	0	0	1	1	0	1	0	1	0	0	1	643.97
123	1	0	0	1	1	1	0	0	1	0	1	0	1	0	0	1	643.97
124	1	1	0	1	1	1	1	0	1	1	0	0	1	1	0	0	643.97
125	1	0	0	1	1	1	0	1	1	0	1	0	1	0	0	1	643.97
126	1	0	1	1	1	1	0	0	1	0	1	0	1	0	0	1	643.97
127	1	0	1	1	1	1	0	1	1	0	1	0	1	0	0	1	643.97
128	1	0	0	1	1	0	1	0	1	0	1	0	1	0	0	1	643.97
129	1	0	1	1	1	0	1	0	1	0	1	0	1	0	0	1	643.97
130	1	0	0	1	1	1	1	0	1	0	1	0	1	0	0	1	643.97
131	1	0	1	1	1	1	1	0	1	0	1	0	1	0	0	1	643.97
132	1	0	0	1	1	0	1	1	1	0	1	0	1	0	0	1	643.97
133	1	0	0	1	1	1	1	1	1	0	1	0	1	0	0	1	643.97
134	1	0	1	1	1	0	1	1	1	0	1	0	1	0	0	1	643.97
135	1	1	1	1	1	1	1	0	1	1	0	0	1	1	0	0	643.97
136	1	0	1	1	1	1	1	1	1	0	1	0	1	0	0	1	643.97
137	1	1	0	1	0	0	0	0	1	0	1	0	1	0	0	1	643.97
138	1	1	1	1	0	0	0	0	1	0	1	0	1	0	0	1	643.97
139	1	1	0	1	0	0	0	1	1	0	1	0	1	0	0	1	643.97
140	1	1	1	1	0	0	0	1	1	0	1	0	1	0	0	1	643.97
141	1	1	0	1	0	0	1	0	1	0	1	0	1	0	0	1	643.97
142	1	1	0	1	0	0	1	1	1	0	1	0	1	0	0	1	643.97
143	1	1	1	1	0	0	1	0	1	0	1	0	1	0	0	1	643.97
144	1	1	1	1	0	0	1	1	1	0	1	0	1	0	0	1	643.97
145	1	1	0	1	1	0	0	0	1	0	1	0	1	0	0	1	643.97
146	1	1	0	0	0	0	1	1	1	1	0	0	1	1	0	0	643.97
147	1	1	1	1	1	0	0	0	1	0	1	0	1	0	0	1	643.97
148	1	1	0	1	1	0	1	0	1	0	1	0	1	0	0	1	643.97
149	1	1	1	1	1	0	1	0	1	0	1	0	1	0	0	1	643.97
150	1	1	0	1	1	0	0	1	1	0	1	0	1	0	0	1	643.97
151	1	1	0	1	1	0	1	1	1	0	1	0	1	0	0	1	643.97
152	1	1	1	1	1	0	0	1	1	0	1	0	1	0	0	1	643.97
153	1	1	1	1	1	0	1	1	1	0	1	0	1	0	0	1	643.97
154	1	1	0	1	0	1	0	0	1	0	1	0	1	0	0	1	643.97
155	1	1	1	1	0	1	0	0	1	0	1	0	1	0	0	1	643.97
156	1	1	0	1	0	1	0	1	1	0	1	0	1	0	0	1	643.97
157	1	1	0	1	0	0	1	1	1	1	0	0	1	1	0	0	643.97
158	1	1	1	1	0	1	0	1	1	0	1	0	1	0	0	1	643.97
159	1	1	0	1	1	1	0	0	1	0	1	0	1	0	0	1	643.97
160	1	1	0	1	1	1	0	1	1	0	1	0	1	0	0	1	643.97
161	1	1	1	1	1	1	0	0	1	0	1	0	1	0	0	1	643.97
162	1	1	1	1	1	1	0	1	1	0	1	0	1	0	0	1	643.97
163	1	1	0	1	0	1	1	0	1	0	1	0	1	0	0	1	643.97
164	1	1	1	1	0	1	1	0	1	0	1	0	1	0	0	1	643.97
165	1	1	0	1	1	1	1	0	1	0	1	0	1	0	0	1	643.97
166	1	1	1	1	1	1	1	0	1	0	1	0	1	0	0	1	643.97
167	1	1	0	1	0	1	1	1	1	0	1	0	1	0	0	1	643.97
168	1	1	0	0	1	0	1	1	1	1	0	0	1	1	0	0	643.97
169	1	1	0	1	1	1	1	1	1	0	1	0	1	0	0	1	643.97
170	1	1	1	1	0	1	1	1	1	0	1	0	1	0	0	1	643.97
171	1	1	1	1	1	1	1	1	1	0	1	0	1	0	0	1	643.97
172	1	1	0	1	1	0	1	1	1	1	0	0	1	1	0	0	643.97
173	1	1	0	0	0	1	1	1	1	1	0	0	1	1	0	0	643.97
174	1	1	0	0	1	1	1	1	1	1	0	0	1	1	0	0	643.97
175	1	1	0	1	0	1	1	1	1	1	0	0	1	1	0	0	643.97
176	1	0	1	1	0	0	0	1	1	1	0	0	1	1	0	0	643.97
177	1	1	0	1	1	1	1	1	1	1	0	0	1	1	0	0	643.97
178	1	1	1	0	0	0	1	1	1	1	0	0	1	1	0	0	643.97
179	1	1	1	1	0	0	1	1	1	1	0	0	1	1	0	0	643.97
180	1	1	1	0	0	1	1	1	1	1	0	0	1	1	0	0	643.97
181	1	1	1	1	0	1	1	1	1	1	0	0	1	1	0	0	643.97
182	1	1	1	0	1	0	1	1	1	1	0	0	1	1	0	0	643.97
183	1	1	1	0	1	1	1	1	1	1	0	0	1	1	0	0	643.97
184	1	1	1	1	1	0	1	1	1	1	0	0	1	1	0	0	643.97
185	1	1	1	1	1	1	1	1	1	1	0	0	1	1	0	0	643.97
186	1	0	0	0	0	0	0	0	1	0	1	0	1	1	0	0	643.97
187	1	0	0	0	1	0	0	1	1	1	0	0	1	1	0	0	643.97
188	1	0	0	1	0	0	0	0	1	0	1	0	1	1	0	0	643.97
189	1	0	0	0	1	0	0	0	1	0	1	0	1	1	0	0	643.97
190	1	0	0	1	1	0	0	0	1	0	1	0	1	1	0	0	643.97
191	1	0	1	0	0	0	0	0	1	0	1	0	1	1	0	0	643.97
192	1	0	1	0	1	0	0	0	1	0	1	0	1	1	0	0	643.97
193	1	0	1	1	0	0	0	0	1	0	1	0	1	1	0	0	643.97
194	1	0	1	1	1	0	0	0	1	0	1	0	1	1	0	0	643.97
195	1	0	0	0	0	0	0	1	1	0	1	0	1	1	0	0	643.97
196	1	0	0	1	0	0	0	1	1	0	1	0	1	1	0	0	643.97
197	1	0	1	0	0	0	0	1	1	0	1	0	1	1	0	0	643.97
198	1	0	1	0	1	0	0	1	1	1	0	0	1	1	0	0	643.97
199	1	0	1	1	0	0	0	1	1	0	1	0	1	1	0	0	643.97
200	1	0	0	0	1	0	0	1	1	0	1	0	1	1	0	0	643.97
201	1	0	1	0	1	0	0	1	1	0	1	0	1	1	0	0	643.97
202	1	0	0	1	1	0	0	1	1	0	1	0	1	1	0	0	643.97
203	1	0	1	1	1	0	0	1	1	0	1	0	1	1	0	0	643.97
204	1	0	0	0	0	0	1	0	1	0	1	0	1	1	0	0	643.97
205	1	0	0	1	0	0	1	0	1	0	1	0	1	1	0	0	643.97
206	1	0	0	0	1	0	1	0	1	0	1	0	1	1	0	0	643.97
207	1	0	0	1	1	0	1	0	1	0	1	0	1	1	0	0	643.97
208	1	0	0	0	0	0	1	1	1	0	1	0	1	1	0	0	643.97
209	1	0	0	1	1	0	0	1	1	1	0	0	1	1	0	0	643.97
210	1	0	0	0	1	0	1	1	1	0	1	0	1	1	0	0	643.97
211	1	0	0	1	0	0	1	1	1	0	1	0	1	1	0	0	643.97
212	1	0	0	1	1	0	1	1	1	0	1	0	1	1	0	0	643.97
213	1	0	1	0	0	0	1	0	1	0	1	0	1	1	0	0	643.97
214	1	0	1	1	0	0	1	0	1	0	1	0	1	1	0	0	643.97
215	1	0	1	0	0	0	1	1	1	0	1	0	1	1	0	0	643.97
216	1	0	1	1	0	0	1	1	1	0	1	0	1	1	0	0	643.97
217	1	0	1	0	1	0	1	0	1	0	1	0	1	1	0	0	643.97
218	1	0	1	0	1	0	1	1	1	0	1	0	1	1	0	0	643.97
219	1	0	1	1	1	0	1	0	1	0	1	0	1	1	0	0	643.97
220	1	0	1	1	1	0	0	1	1	1	0	0	1	1	0	0	643.97
221	1	0	1	1	1	0	1	1	1	0	1	0	1	1	0	0	643.97
222	1	1	0	0	0	0	0	0	1	0	1	0	1	1	0	0	643.97
223	1	1	0	1	0	0	0	0	1	0	1	0	1	1	0	0	643.97
224	1	1	0	0	1	0	0	0	1	0	1	0	1	1	0	0	643.97
225	1	1	0	1	1	0	0	0	1	0	1	0	1	1	0	0	643.97
226	1	1	1	0	0	0	0	0	1	0	1	0	1	1	0	0	643.97
227	1	1	1	0	1	0	0	0	1	0	1	0	1	1	0	0	643.97
228	1	1	1	1	0	0	0	0	1	0	1	0	1	1	0	0	643.97
229	1	1	1	1	1	0	0	0	1	0	1	0	1	1	0	0	643.97
230	1	1	0	0	0	0	1	0	1	0	1	0	1	1	0	0	643.97
231	1	0	0	0	0	0	1	0	1	1	0	0	1	1	0	0	643.97
232	1	1	0	1	0	0	1	0	1	0	1	0	1	1	0	0	643.97
233	1	1	1	0	0	0	1	0	1	0	1	0	1	1	0	0	643.97
234	1	1	1	1	0	0	1	0	1	0	1	0	1	1	0	0	643.97
235	1	1	0	0	1	0	1	0	1	0	1	0	1	1	0	0	643.97
236	1	1	1	0	1	0	1	0	1	0	1	0	1	1	0	0	643.97
237	1	1	0	1	1	0	1	0	1	0	1	0	1	1	0	0	643.97
238	1	1	1	1	1	0	1	0	1	0	1	0	1	1	0	0	643.97
239	1	1	0	0	0	0	0	1	1	0	1	0	1	1	0	0	643.97
240	1	1	0	1	0	0	0	1	1	0	1	0	1	1	0	0	643.97
241	1	1	0	0	1	0	0	1	1	0	1	0	1	1	0	0	643.97
242	1	0	0	1	0	0	1	0	1	1	0	0	1	1	0	0	643.97
243	1	1	0	1	1	0	0	1	1	0	1	0	1	1	0	0	643.97
244	1	1	0	0	0	0	1	1	1	0	1	0	1	1	0	0	643.97
245	1	1	0	0	1	0	1	1	1	0	1	0	1	1	0	0	643.97
246	1	1	0	1	0	0	1	1	1	0	1	0	1	1	0	0	643.97
247	1	1	0	1	1	0	1	1	1	0	1	0	1	1	0	0	643.97
248	1	1	1	0	0	0	0	1	1	0	1	0	1	1	0	0	643.97
249	1	1	1	1	0	0	0	1	1	0	1	0	1	1	0	0	643.97
250	1	1	1	0	0	0	1	1	1	0	1	0	1	1	0	0	643.97
251	1	1	1	1	0	0	1	1	1	0	1	0	1	1	0	0	643.97
252	1	1	1	0	1	0	0	1	1	0	1	0	1	1	0	0	643.97
253	1	0	0	0	1	0	1	0	1	1	0	0	1	1	0	0	643.97
254	1	1	1	0	1	0	1	1	1	0	1	0	1	1	0	0	643.97
255	1	1	1	1	1	0	0	1	1	0	1	0	1	1	0	0	643.97
256	1	1	1	1	1	0	1	1	1	0	1	0	1	1	0	0	643.97
257	1	0	0	0	0	1	0	0	1	0	1	0	1	1	0	0	643.97
258	1	0	0	1	0	1	0	0	1	0	1	0	1	1	0	0	643.97
259	1	0	0	0	1	1	0	0	1	0	1	0	1	1	0	0	643.97
260	1	0	0	1	1	1	0	0	1	0	1	0	1	1	0	0	643.97
261	1	0	1	0	0	1	0	0	1	0	1	0	1	1	0	0	643.97
262	1	0	1	0	1	1	0	0	1	0	1	0	1	1	0	0	643.97
263	1	0	1	1	0	1	0	0	1	0	1	0	1	1	0	0	643.97
264	1	0	0	1	0	0	0	0	1	1	0	0	1	1	0	0	643.97
265	1	0	0	1	1	0	1	0	1	1	0	0	1	1	0	0	643.97
266	1	0	1	1	1	1	0	0	1	0	1	0	1	1	0	0	643.97
267	1	0	0	0	0	1	0	1	1	0	1	0	1	1	0	0	643.97
268	1	0	0	1	0	1	0	1	1	0	1	0	1	1	0	0	643.97
269	1	0	1	0	0	1	0	1	1	0	1	0	1	1	0	0	643.97
270	1	0	1	1	0	1	0	1	1	0	1	0	1	1	0	0	643.97
271	1	0	0	0	1	1	0	1	1	0	1	0	1	1	0	0	643.97
272	1	0	1	0	1	1	0	1	1	0	1	0	1	1	0	0	643.97
273	1	0	0	1	1	1	0	1	1	0	1	0	1	1	0	0	643.97
274	1	0	1	1	1	1	0	1	1	0	1	0	1	1	0	0	643.97
275	1	1	0	0	0	1	0	0	1	0	1	0	1	1	0	0	643.97
276	1	0	0	0	0	0	1	1	1	1	0	0	1	1	0	0	643.97
277	1	1	0	1	0	1	0	0	1	0	1	0	1	1	0	0	643.97
278	1	1	0	0	1	1	0	0	1	0	1	0	1	1	0	0	643.97
279	1	1	0	1	1	1	0	0	1	0	1	0	1	1	0	0	643.97
280	1	1	0	0	0	1	0	1	1	0	1	0	1	1	0	0	643.97
281	1	1	0	0	1	1	0	1	1	0	1	0	1	1	0	0	643.97
282	1	1	0	1	0	1	0	1	1	0	1	0	1	1	0	0	643.97
283	1	1	0	1	1	1	0	1	1	0	1	0	1	1	0	0	643.97
284	1	1	1	0	0	1	0	0	1	0	1	0	1	1	0	0	643.97
285	1	1	1	1	0	1	0	0	1	0	1	0	1	1	0	0	643.97
286	1	1	1	0	0	1	0	1	1	0	1	0	1	1	0	0	643.97
287	1	0	0	0	1	0	1	1	1	1	0	0	1	1	0	0	643.97
288	1	1	1	1	0	1	0	1	1	0	1	0	1	1	0	0	643.97
289	1	1	1	0	1	1	0	0	1	0	1	0	1	1	0	0	643.97
290	1	1	1	0	1	1	0	1	1	0	1	0	1	1	0	0	643.97
291	1	1	1	1	1	1	0	0	1	0	1	0	1	1	0	0	643.97
292	1	1	1	1	1	1	0	1	1	0	1	0	1	1	0	0	643.97
293	1	0	0	0	0	1	1	0	1	0	1	0	1	1	0	0	643.97
294	1	0	0	1	0	1	1	0	1	0	1	0	1	1	0	0	643.97
295	1	0	0	0	1	1	1	0	1	0	1	0	1	1	0	0	643.97
296	1	0	0	1	1	1	1	0	1	0	1	0	1	1	0	0	643.97
297	1	0	1	0	0	1	1	0	1	0	1	0	1	1	0	0	643.97
298	1	0	0	1	0	0	1	1	1	1	0	0	1	1	0	0	643.97
299	1	0	1	0	1	1	1	0	1	0	1	0	1	1	0	0	643.97
300	1	0	1	1	0	1	1	0	1	0	1	0	1	1	0	0	643.97
301	1	0	1	1	1	1	1	0	1	0	1	0	1	1	0	0	643.97
302	1	1	0	0	0	1	1	0	1	0	1	0	1	1	0	0	643.97
303	1	1	0	1	0	1	1	0	1	0	1	0	1	1	0	0	643.97
304	1	1	1	0	0	1	1	0	1	0	1	0	1	1	0	0	643.97
305	1	1	1	1	0	1	1	0	1	0	1	0	1	1	0	0	643.97
306	1	1	0	0	1	1	1	0	1	0	1	0	1	1	0	0	643.97
307	1	1	1	0	1	1	1	0	1	0	1	0	1	1	0	0	643.97
308	1	1	0	1	1	1	1	0	1	0	1	0	1	1	0	0	643.97
309	1	0	0	1	1	0	1	1	1	1	0	0	1	1	0	0	643.97
310	1	1	1	1	1	1	1	0	1	0	1	0	1	1	0	0	643.97
311	1	0	0	0	0	1	1	1	1	0	1	0	1	1	0	0	643.97
312	1	0	0	1	0	1	1	1	1	0	1	0	1	1	0	0	643.97
313	1	0	0	0	1	1	1	1	1	0	1	0	1	1	0	0	643.97
314	1	0	0	1	1	1	1	1	1	0	1	0	1	1	0	0	643.97
315	1	1	0	0	0	1	1	1	1	0	1	0	1	1	0	0	643.97
316	1	1	0	0	1	1	1	1	1	0	1	0	1	1	0	0	643.97
317	1	1	0	1	0	1	1	1	1	0	1	0	1	1	0	0	643.97
318	1	1	0	1	1	1	1	1	1	0	1	0	1	1	0	0	643.97
319	1	0	1	0	0	1	1	1	1	0	1	0	1	1	0	0	643.97
320	1	0	1	0	0	0	1	0	1	1	0	0	1	1	0	0	643.97
321	1	0	1	1	0	1	1	1	1	0	1	0	1	1	0	0	643.97
322	1	1	1	0	0	1	1	1	1	0	1	0	1	1	0	0	643.97
323	1	1	1	1	0	1	1	1	1	0	1	0	1	1	0	0	643.97
324	1	0	1	0	1	1	1	1	1	0	1	0	1	1	0	0	643.97
325	1	1	1	0	1	1	1	1	1	0	1	0	1	1	0	0	643.97
326	1	0	1	1	1	1	1	1	1	0	1	0	1	1	0	0	643.97
327	1	1	1	1	1	1	1	1	1	0	1	0	1	1	0	0	643.97
328	1	0	0	0	0	0	0	0	1	0	0	1	1	1	0	0	643.97
329	1	0	0	0	1	0	0	0	1	0	0	1	1	1	0	0	643.97
330	1	0	1	0	0	0	0	0	1	0	0	1	1	1	0	0	643.97
331	1	0	1	1	0	0	1	0	1	1	0	0	1	1	0	0	643.97
332	1	0	1	0	1	0	0	0	1	0	0	1	1	1	0	0	643.97
333	1	0	0	0	0	0	0	1	1	0	0	1	1	1	0	0	643.97
334	1	0	1	0	0	0	0	1	1	0	0	1	1	1	0	0	643.97
335	1	0	0	0	1	0	0	1	1	0	0	1	1	1	0	0	643.97
336	1	0	1	0	1	0	0	1	1	0	0	1	1	1	0	0	643.97
337	1	0	0	0	0	0	1	0	1	0	0	1	1	1	0	0	643.97
338	1	0	0	0	1	0	1	0	1	0	0	1	1	1	0	0	643.97
339	1	0	0	0	0	0	1	1	1	0	0	1	1	1	0	0	643.97
340	1	0	0	0	1	0	1	1	1	0	0	1	1	1	0	0	643.97
341	1	0	1	0	0	0	1	0	1	0	0	1	1	1	0	0	643.97
342	1	0	1	0	0	0	1	1	1	1	0	0	1	1	0	0	643.97
343	1	0	1	0	0	0	1	1	1	0	0	1	1	1	0	0	643.97
344	1	0	1	0	1	0	1	0	1	0	0	1	1	1	0	0	643.97
345	1	0	1	0	1	0	1	1	1	0	0	1	1	1	0	0	643.97
346	1	0	0	0	0	1	0	0	1	0	0	1	1	1	0	0	643.97
347	1	0	0	0	1	1	0	0	1	0	0	1	1	1	0	0	643.97
348	1	0	1	0	0	1	0	0	1	0	0	1	1	1	0	0	643.97
349	1	0	1	0	1	1	0	0	1	0	0	1	1	1	0	0	643.97
350	1	0	0	0	0	1	1	0	1	0	0	1	1	1	0	0	643.97
351	1	0	1	0	0	1	1	0	1	0	0	1	1	1	0	0	643.97
352	1	0	0	0	1	1	1	0	1	0	0	1	1	1	0	0	643.97
353	1	0	1	1	0	0	1	1	1	1	0	0	1	1	0	0	643.97
354	1	0	1	0	1	1	1	0	1	0	0	1	1	1	0	0	643.97
355	1	0	0	0	0	1	0	1	1	0	0	1	1	1	0	0	643.97
356	1	0	0	0	1	1	0	1	1	0	0	1	1	1	0	0	643.97
357	1	0	0	0	0	1	1	1	1	0	0	1	1	1	0	0	643.97
358	1	0	0	0	1	1	1	1	1	0	0	1	1	1	0	0	643.97
359	1	0	1	0	0	1	0	1	1	0	0	1	1	1	0	0	643.97
360	1	0	1	0	0	1	1	1	1	0	0	1	1	1	0	0	643.97
361	1	0	1	0	1	1	0	1	1	0	0	1	1	1	0	0	643.97
362	1	0	1	0	1	1	1	1	1	0	0	1	1	1	0	0	643.97
363	1	0	0	1	0	0	0	0	1	0	0	1	1	1	0	0	643.97
364	1	0	1	0	1	0	1	0	1	1	0	0	1	1	0	0	643.97
365	1	0	0	1	1	0	0	0	1	0	0	1	1	1	0	0	643.97
366	1	0	1	1	0	0	0	0	1	0	0	1	1	1	0	0	643.97
367	1	0	1	1	1	0	0	0	1	0	0	1	1	1	0	0	643.97
368	1	0	0	1	0	0	0	1	1	0	0	1	1	1	0	0	643.97
369	1	0	1	1	0	0	0	1	1	0	0	1	1	1	0	0	643.97
370	1	0	0	1	1	0	0	1	1	0	0	1	1	1	0	0	643.97
371	1	0	1	1	1	0	0	1	1	0	0	1	1	1	0	0	643.97
372	1	0	0	1	0	1	0	0	1	0	0	1	1	1	0	0	643.97
373	1	0	0	1	1	1	0	0	1	0	0	1	1	1	0	0	643.97
374	1	0	0	1	0	1	0	1	1	0	0	1	1	1	0	0	643.97
375	1	0	0	0	1	0	0	0	1	1	0	0	1	1	0	0	643.97
376	1	0	1	0	1	0	1	1	1	1	0	0	1	1	0	0	643.97
377	1	0	0	1	1	1	0	1	1	0	0	1	1	1	0	0	643.97
378	1	0	1	1	0	1	0	0	1	0	0	1	1	1	0	0	643.97
379	1	0	1	1	0	1	0	1	1	0	0	1	1	1	0	0	643.97
380	1	0	1	1	1	1	0	0	1	0	0	1	1	1	0	0	643.97
381	1	0	1	1	1	1	0	1	1	0	0	1	1	1	0	0	643.97
382	1	0	0	1	0	0	1	0	1	0	0	1	1	1	0	0	643.97
383	1	0	0	1	1	0	1	0	1	0	0	1	1	1	0	0	643.97
384	1	0	1	1	0	0	1	0	1	0	0	1	1	1	0	0	643.97
385	1	0	1	1	1	0	1	0	1	0	0	1	1	1	0	0	643.97
386	1	0	0	1	0	1	1	0	1	0	0	1	1	1	0	0	643.97
387	1	0	1	1	1	0	1	0	1	1	0	0	1	1	0	0	643.97
388	1	0	1	1	0	1	1	0	1	0	0	1	1	1	0	0	643.97
389	1	0	0	1	1	1	1	0	1	0	0	1	1	1	0	0	643.97
390	1	0	1	1	1	1	1	0	1	0	0	1	1	1	0	0	643.97
391	1	0	0	1	0	0	1	1	1	0	0	1	1	1	0	0	643.97
392	1	0	0	1	1	0	1	1	1	0	0	1	1	1	0	0	643.97
393	1	0	0	1	0	1	1	1	1	0	0	1	1	1	0	0	643.97
394	1	0	0	1	1	1	1	1	1	0	0	1	1	1	0	0	643.97
395	1	0	1	1	0	0	1	1	1	0	0	1	1	1	0	0	643.97
396	1	0	1	1	0	1	1	1	1	0	0	1	1	1	0	0	643.97
397	1	0	1	1	1	0	1	1	1	0	0	1	1	1	0	0	643.97
398	1	0	1	1	1	0	1	1	1	1	0	0	1	1	0	0	643.97
399	1	0	1	1	1	1	1	1	1	0	0	1	1	1	0	0	643.97
400	1	1	0	0	0	0	0	0	1	0	0	1	1	1	0	0	643.97
401	1	1	0	0	1	0	0	0	1	0	0	1	1	1	0	0	643.97
402	1	1	1	0	0	0	0	0	1	0	0	1	1	1	0	0	643.97
403	1	1	1	0	1	0	0	0	1	0	0	1	1	1	0	0	643.97
404	1	1	0	0	0	0	0	1	1	0	0	1	1	1	0	0	643.97
405	1	1	1	0	0	0	0	1	1	0	0	1	1	1	0	0	643.97
406	1	1	0	0	1	0	0	1	1	0	0	1	1	1	0	0	643.97
407	1	1	1	0	1	0	0	1	1	0	0	1	1	1	0	0	643.97
408	1	1	0	0	0	0	1	0	1	0	0	1	1	1	0	0	643.97
409	1	0	0	0	0	1	0	0	1	1	0	0	1	1	0	0	643.97
410	1	1	0	0	1	0	1	0	1	0	0	1	1	1	0	0	643.97
411	1	1	0	0	0	0	1	1	1	0	0	1	1	1	0	0	643.97
412	1	1	0	0	1	0	1	1	1	0	0	1	1	1	0	0	643.97
413	1	1	1	0	0	0	1	0	1	0	0	1	1	1	0	0	643.97
414	1	1	1	0	0	0	1	1	1	0	0	1	1	1	0	0	643.97
415	1	1	1	0	1	0	1	0	1	0	0	1	1	1	0	0	643.97
416	1	1	1	0	1	0	1	1	1	0	0	1	1	1	0	0	643.97
417	1	1	0	1	0	0	0	0	1	0	0	1	1	1	0	0	643.97
418	1	1	0	1	1	0	0	0	1	0	0	1	1	1	0	0	643.97
419	1	1	1	1	0	0	0	0	1	0	0	1	1	1	0	0	643.97
420	1	0	0	1	0	1	0	0	1	1	0	0	1	1	0	0	643.97
421	1	1	1	1	1	0	0	0	1	0	0	1	1	1	0	0	643.97
422	1	1	0	1	0	0	1	0	1	0	0	1	1	1	0	0	643.97
423	1	1	1	1	0	0	1	0	1	0	0	1	1	1	0	0	643.97
424	1	1	0	1	1	0	1	0	1	0	0	1	1	1	0	0	643.97
425	1	1	1	1	1	0	1	0	1	0	0	1	1	1	0	0	643.97
426	1	1	0	1	0	0	0	1	1	0	0	1	1	1	0	0	643.97
427	1	1	0	1	1	0	0	1	1	0	0	1	1	1	0	0	643.97
428	1	1	0	1	0	0	1	1	1	0	0	1	1	1	0	0	643.97
429	1	1	0	1	1	0	1	1	1	0	0	1	1	1	0	0	643.97
430	1	1	1	1	0	0	0	1	1	0	0	1	1	1	0	0	643.97
431	1	0	0	0	1	1	0	0	1	1	0	0	1	1	0	0	643.97
432	1	1	1	1	0	0	1	1	1	0	0	1	1	1	0	0	643.97
433	1	1	1	1	1	0	0	1	1	0	0	1	1	1	0	0	643.97
434	1	1	1	1	1	0	1	1	1	0	0	1	1	1	0	0	643.97
435	1	1	0	0	0	1	0	0	1	0	0	1	1	1	0	0	643.97
436	1	1	0	0	1	1	0	0	1	0	0	1	1	1	0	0	643.97
437	1	1	1	0	0	1	0	0	1	0	0	1	1	1	0	0	643.97
438	1	1	1	0	1	1	0	0	1	0	0	1	1	1	0	0	643.97
439	1	1	0	0	0	1	0	1	1	0	0	1	1	1	0	0	643.97
440	1	1	1	0	0	1	0	1	1	0	0	1	1	1	0	0	643.97
441	1	1	0	0	1	1	0	1	1	0	0	1	1	1	0	0	643.97
442	1	0	0	1	1	1	0	0	1	1	0	0	1	1	0	0	643.97
443	1	1	1	0	1	1	0	1	1	0	0	1	1	1	0	0	643.97
444	1	1	0	1	0	1	0	0	1	0	0	1	1	1	0	0	643.97
445	1	1	0	1	1	1	0	0	1	0	0	1	1	1	0	0	643.97
446	1	1	0	1	0	1	0	1	1	0	0	1	1	1	0	0	643.97
447	1	1	0	1	1	1	0	1	1	0	0	1	1	1	0	0	643.97
448	1	1	1	1	0	1	0	0	1	0	0	1	1	1	0	0	643.97
449	1	1	1	1	0	1	0	1	1	0	0	1	1	1	0	0	643.97
450	1	1	1	1	1	1	0	0	1	0	0	1	1	1	0	0	643.97
451	1	1	1	1	1	1	0	1	1	0	0	1	1	1	0	0	643.97
452	1	1	0	0	0	1	1	0	1	0	0	1	1	1	0	0	643.97
453	1	0	1	0	0	1	0	0	1	1	0	0	1	1	0	0	643.97
454	1	1	0	0	1	1	1	0	1	0	0	1	1	1	0	0	643.97
455	1	1	1	0	0	1	1	0	1	0	0	1	1	1	0	0	643.97
456	1	1	1	0	1	1	1	0	1	0	0	1	1	1	0	0	643.97
457	1	1	0	1	0	1	1	0	1	0	0	1	1	1	0	0	643.97
458	1	1	1	1	0	1	1	0	1	0	0	1	1	1	0	0	643.97
459	1	1	0	1	1	1	1	0	1	0	0	1	1	1	0	0	643.97
460	1	1	1	1	1	1	1	0	1	0	0	1	1	1	0	0	643.97
461	1	1	0	0	0	1	1	1	1	0	0	1	1	1	0	0	643.97
462	1	1	0	0	1	1	1	1	1	0	0	1	1	1	0	0	643.97
463	1	1	0	1	0	1	1	1	1	0	0	1	1	1	0	0	643.97
464	1	0	1	0	1	1	0	0	1	1	0	0	1	1	0	0	643.97
465	1	1	0	1	1	1	1	1	1	0	0	1	1	1	0	0	643.97
466	1	1	1	0	0	1	1	1	1	0	0	1	1	1	0	0	643.97
467	1	1	1	1	0	1	1	1	1	0	0	1	1	1	0	0	643.97
468	1	1	1	0	1	1	1	1	1	0	0	1	1	1	0	0	643.97
469	1	1	1	1	1	1	1	1	1	0	0	1	1	1	0	0	643.97
470	1	0	0	0	0	0	0	0	1	0	1	0	1	0	1	0	643.97
471	1	0	0	1	0	0	0	0	1	0	1	0	1	0	1	0	643.97
472	1	0	0	0	1	0	0	0	1	0	1	0	1	0	1	0	643.97
473	1	0	0	1	1	0	0	0	1	0	1	0	1	0	1	0	643.97
474	1	0	1	0	0	0	0	0	1	0	1	0	1	0	1	0	643.97
475	1	0	1	1	0	1	0	0	1	1	0	0	1	1	0	0	643.97
476	1	0	1	0	1	0	0	0	1	0	1	0	1	0	1	0	643.97
477	1	0	1	1	0	0	0	0	1	0	1	0	1	0	1	0	643.97
478	1	0	1	1	1	0	0	0	1	0	1	0	1	0	1	0	643.97
479	1	0	0	0	0	0	0	1	1	0	1	0	1	0	1	0	643.97
480	1	0	0	1	0	0	0	1	1	0	1	0	1	0	1	0	643.97
481	1	0	1	0	0	0	0	1	1	0	1	0	1	0	1	0	643.97
482	1	0	1	1	0	0	0	1	1	0	1	0	1	0	1	0	643.97
483	1	0	0	0	1	0	0	1	1	0	1	0	1	0	1	0	643.97
484	1	0	1	0	1	0	0	1	1	0	1	0	1	0	1	0	643.97
485	1	0	0	1	1	0	0	1	1	0	1	0	1	0	1	0	643.97
486	1	0	0	1	1	0	0	0	1	1	0	0	1	1	0	0	643.97
487	1	0	1	1	1	1	0	0	1	1	0	0	1	1	0	0	643.97
488	1	0	1	1	1	0	0	1	1	0	1	0	1	0	1	0	643.97
489	1	0	0	0	0	0	1	0	1	0	1	0	1	0	1	0	643.97
490	1	0	0	1	0	0	1	0	1	0	1	0	1	0	1	0	643.97
491	1	0	0	0	1	0	1	0	1	0	1	0	1	0	1	0	643.97
492	1	0	0	1	1	0	1	0	1	0	1	0	1	0	1	0	643.97
493	1	0	0	0	0	0	1	1	1	0	1	0	1	0	1	0	643.97
494	1	0	0	0	1	0	1	1	1	0	1	0	1	0	1	0	643.97
495	1	0	0	1	0	0	1	1	1	0	1	0	1	0	1	0	643.97
496	1	0	0	1	1	0	1	1	1	0	1	0	1	0	1	0	643.97
497	1	0	1	0	0	0	1	0	1	0	1	0	1	0	1	0	643.97
498	1	0	0	0	0	1	1	0	1	1	0	0	1	1	0	0	643.97
499	1	0	1	1	0	0	1	0	1	0	1	0	1	0	1	0	643.97
500	1	0	1	0	0	0	1	1	1	0	1	0	1	0	1	0	643.97
501	1	0	1	1	0	0	1	1	1	0	1	0	1	0	1	0	643.97
502	1	0	1	0	1	0	1	0	1	0	1	0	1	0	1	0	643.97
503	1	0	1	0	1	0	1	1	1	0	1	0	1	0	1	0	643.97
504	1	0	1	1	1	0	1	0	1	0	1	0	1	0	1	0	643.97
505	1	0	1	1	1	0	1	1	1	0	1	0	1	0	1	0	643.97
506	1	0	0	0	0	1	0	0	1	0	1	0	1	0	1	0	643.97
507	1	0	0	1	0	1	0	0	1	0	1	0	1	0	1	0	643.97
508	1	0	0	0	1	1	0	0	1	0	1	0	1	0	1	0	643.97
509	1	0	0	1	0	1	1	0	1	1	0	0	1	1	0	0	643.97
510	1	0	0	1	1	1	0	0	1	0	1	0	1	0	1	0	643.97
511	1	0	1	0	0	1	0	0	1	0	1	0	1	0	1	0	643.97
512	1	0	1	0	1	1	0	0	1	0	1	0	1	0	1	0	643.97
513	1	0	1	1	0	1	0	0	1	0	1	0	1	0	1	0	643.97
514	1	0	1	1	1	1	0	0	1	0	1	0	1	0	1	0	643.97
515	1	0	0	0	0	1	1	0	1	0	1	0	1	0	1	0	643.97
516	1	0	0	1	0	1	1	0	1	0	1	0	1	0	1	0	643.97
517	1	0	1	0	0	1	1	0	1	0	1	0	1	0	1	0	643.97
518	1	0	1	1	0	1	1	0	1	0	1	0	1	0	1	0	643.97
519	1	0	0	0	1	1	1	0	1	0	1	0	1	0	1	0	643.97
520	1	0	1	0	0	1	1	0	1	1	0	0	1	1	0	0	643.97
521	1	0	1	0	1	1	1	0	1	0	1	0	1	0	1	0	643.97
522	1	0	0	1	1	1	1	0	1	0	1	0	1	0	1	0	643.97
523	1	0	1	1	1	1	1	0	1	0	1	0	1	0	1	0	643.97
524	1	0	0	0	0	1	0	1	1	0	1	0	1	0	1	0	643.97
525	1	0	0	1	0	1	0	1	1	0	1	0	1	0	1	0	643.97
526	1	0	0	0	1	1	0	1	1	0	1	0	1	0	1	0	643.97
527	1	0	0	1	1	1	0	1	1	0	1	0	1	0	1	0	643.97
528	1	0	0	0	0	1	1	1	1	0	1	0	1	0	1	0	643.97
529	1	0	0	0	1	1	1	1	1	0	1	0	1	0	1	0	643.97
530	1	0	0	1	0	1	1	1	1	0	1	0	1	0	1	0	643.97
531	1	0	1	1	0	1	1	0	1	1	0	0	1	1	0	0	643.97
532	1	0	0	1	1	1	1	1	1	0	1	0	1	0	1	0	643.97
533	1	0	1	0	0	1	0	1	1	0	1	0	1	0	1	0	643.97
534	1	0	1	1	0	1	0	1	1	0	1	0	1	0	1	0	643.97
535	1	0	1	0	0	1	1	1	1	0	1	0	1	0	1	0	643.97
536	1	0	1	1	0	1	1	1	1	0	1	0	1	0	1	0	643.97
537	1	0	1	0	1	1	0	1	1	0	1	0	1	0	1	0	643.97
538	1	0	1	0	1	1	1	1	1	0	1	0	1	0	1	0	643.97
539	1	0	1	1	1	1	0	1	1	0	1	0	1	0	1	0	643.97
540	1	0	1	1	1	1	1	1	1	0	1	0	1	0	1	0	643.97
541	1	1	0	0	0	0	0	0	1	0	1	0	1	0	1	0	643.97
542	1	0	0	0	1	1	1	0	1	1	0	0	1	1	0	0	643.97
543	1	1	0	1	0	0	0	0	1	0	1	0	1	0	1	0	643.97
544	1	1	0	0	1	0	0	0	1	0	1	0	1	0	1	0	643.97
545	1	1	0	1	1	0	0	0	1	0	1	0	1	0	1	0	643.97
546	1	1	1	0	0	0	0	0	1	0	1	0	1	0	1	0	643.97
547	1	1	1	0	1	0	0	0	1	0	1	0	1	0	1	0	643.97
548	1	1	1	1	0	0	0	0	1	0	1	0	1	0	1	0	643.97
549	1	1	1	1	1	0	0	0	1	0	1	0	1	0	1	0	643.97
550	1	1	0	0	0	0	0	1	1	0	1	0	1	0	1	0	643.97
551	1	1	0	1	0	0	0	1	1	0	1	0	1	0	1	0	643.97
552	1	1	1	0	0	0	0	1	1	0	1	0	1	0	1	0	643.97
553	1	0	1	0	1	1	1	0	1	1	0	0	1	1	0	0	643.97
554	1	1	1	1	0	0	0	1	1	0	1	0	1	0	1	0	643.97
555	1	1	0	0	1	0	0	1	1	0	1	0	1	0	1	0	643.97
556	1	1	1	0	1	0	0	1	1	0	1	0	1	0	1	0	643.97
557	1	1	0	1	1	0	0	1	1	0	1	0	1	0	1	0	643.97
558	1	1	1	1	1	0	0	1	1	0	1	0	1	0	1	0	643.97
559	1	1	0	0	0	1	0	0	1	0	1	0	1	0	1	0	643.97
560	1	1	0	1	0	1	0	0	1	0	1	0	1	0	1	0	643.97
561	1	1	0	0	1	1	0	0	1	0	1	0	1	0	1	0	643.97
562	1	1	0	1	1	1	0	0	1	0	1	0	1	0	1	0	643.97
563	1	1	0	0	0	1	0	1	1	0	1	0	1	0	1	0	643.97
564	1	0	0	1	1	1	1	0	1	1	0	0	1	1	0	0	643.97
565	1	1	0	0	1	1	0	1	1	0	1	0	1	0	1	0	643.97
566	1	1	0	1	0	1	0	1	1	0	1	0	1	0	1	0	643.97
567	1	1	0	1	1	1	0	1	1	0	1	0	1	0	1	0	643.97
568	1	1	1	0	0	1	0	0	1	0	1	0	1	0	1	0	643.97
569	1	1	1	1	0	1	0	0	1	0	1	0	1	0	1	0	643.97
570	1	1	1	0	0	1	0	1	1	0	1	0	1	0	1	0	643.97
571	1	1	1	1	0	1	0	1	1	0	1	0	1	0	1	0	643.97
572	1	1	1	0	1	1	0	0	1	0	1	0	1	0	1	0	643.97
573	1	1	1	0	1	1	0	1	1	0	1	0	1	0	1	0	643.97
574	1	1	1	1	1	1	0	0	1	0	1	0	1	0	1	0	643.97
575	1	0	1	1	1	1	1	0	1	1	0	0	1	1	0	0	643.97
576	1	1	1	1	1	1	0	1	1	0	1	0	1	0	1	0	643.97
577	1	1	0	0	0	0	1	0	1	0	1	0	1	0	1	0	643.97
578	1	1	0	1	0	0	1	0	1	0	1	0	1	0	1	0	643.97
579	1	1	0	0	1	0	1	0	1	0	1	0	1	0	1	0	643.97
580	1	1	0	1	1	0	1	0	1	0	1	0	1	0	1	0	643.97
581	1	1	1	0	0	0	1	0	1	0	1	0	1	0	1	0	643.97
582	1	1	1	0	1	0	1	0	1	0	1	0	1	0	1	0	643.97
583	1	1	1	1	0	0	1	0	1	0	1	0	1	0	1	0	643.97
584	1	1	1	1	1	0	1	0	1	0	1	0	1	0	1	0	643.97
585	1	1	0	0	0	1	1	0	1	0	1	0	1	0	1	0	643.97
586	1	0	0	0	0	1	0	1	1	1	0	0	1	1	0	0	643.97
587	1	1	0	1	0	1	1	0	1	0	1	0	1	0	1	0	643.97
588	1	1	1	0	0	1	1	0	1	0	1	0	1	0	1	0	643.97
589	1	1	1	1	0	1	1	0	1	0	1	0	1	0	1	0	643.97
590	1	1	0	0	1	1	1	0	1	0	1	0	1	0	1	0	643.97
591	1	1	1	0	1	1	1	0	1	0	1	0	1	0	1	0	643.97
592	1	1	0	1	1	1	1	0	1	0	1	0	1	0	1	0	643.97
593	1	1	1	1	1	1	1	0	1	0	1	0	1	0	1	0	643.97
594	1	1	0	0	0	0	1	1	1	0	1	0	1	0	1	0	643.97
595	1	1	0	1	0	0	1	1	1	0	1	0	1	0	1	0	643.97
596	1	1	0	0	1	0	1	1	1	0	1	0	1	0	1	0	643.97
597	1	0	1	0	0	0	0	0	1	1	0	0	1	1	0	0	643.97
598	1	0	0	1	0	1	0	1	1	1	0	0	1	1	0	0	643.97
599	1	1	0	1	1	0	1	1	1	0	1	0	1	0	1	0	643.97
600	1	1	0	0	0	1	1	1	1	0	1	0	1	0	1	0	643.97
601	1	1	0	0	1	1	1	1	1	0	1	0	1	0	1	0	643.97
602	1	1	0	1	0	1	1	1	1	0	1	0	1	0	1	0	643.97
603	1	1	0	1	1	1	1	1	1	0	1	0	1	0	1	0	643.97
604	1	1	1	0	0	0	1	1	1	0	1	0	1	0	1	0	643.97
605	1	1	1	1	0	0	1	1	1	0	1	0	1	0	1	0	643.97
606	1	1	1	0	0	1	1	1	1	0	1	0	1	0	1	0	643.97
607	1	1	1	1	0	1	1	1	1	0	1	0	1	0	1	0	643.97
608	1	1	1	0	1	0	1	1	1	0	1	0	1	0	1	0	643.97
609	1	0	0	0	1	1	0	1	1	1	0	0	1	1	0	0	643.97
610	1	1	1	0	1	1	1	1	1	0	1	0	1	0	1	0	643.97
611	1	1	1	1	1	0	1	1	1	0	1	0	1	0	1	0	643.97
612	1	1	1	1	1	1	1	1	1	0	1	0	1	0	1	0	643.97
613	1	0	0	0	0	0	0	0	1	0	0	1	1	0	1	0	643.97
614	1	0	0	1	0	0	0	0	1	0	0	1	1	0	1	0	643.97
615	1	0	0	0	1	0	0	0	1	0	0	1	1	0	1	0	643.97
616	1	0	0	1	1	0	0	0	1	0	0	1	1	0	1	0	643.97
617	1	0	1	0	0	0	0	0	1	0	0	1	1	0	1	0	643.97
618	1	0	1	0	1	0	0	0	1	0	0	1	1	0	1	0	643.97
619	1	0	1	1	0	0	0	0	1	0	0	1	1	0	1	0	643.97
620	1	0	0	1	1	1	0	1	1	1	0	0	1	1	0	0	643.97
621	1	0	1	1	1	0	0	0	1	0	0	1	1	0	1	0	643.97
622	1	0	0	0	0	0	0	1	1	0	0	1	1	0	1	0	643.97
623	1	0	0	1	0	0	0	1	1	0	0	1	1	0	1	0	643.97
624	1	0	1	0	0	0	0	1	1	0	0	1	1	0	1	0	643.97
625	1	0	1	1	0	0	0	1	1	0	0	1	1	0	1	0	643.97
626	1	0	0	0	1	0	0	1	1	0	0	1	1	0	1	0	643.97
627	1	0	1	0	1	0	0	1	1	0	0	1	1	0	1	0	643.97
628	1	0	0	1	1	0	0	1	1	0	0	1	1	0	1	0	643.97
629	1	0	1	1	1	0	0	1	1	0	0	1	1	0	1	0	643.97
630	1	0	0	0	0	0	1	0	1	0	0	1	1	0	1	0	643.97
631	1	0	0	0	0	1	1	1	1	1	0	0	1	1	0	0	643.97
632	1	0	0	1	0	0	1	0	1	0	0	1	1	0	1	0	643.97
633	1	0	0	0	1	0	1	0	1	0	0	1	1	0	1	0	643.97
634	1	0	0	1	1	0	1	0	1	0	0	1	1	0	1	0	643.97
635	1	0	0	0	0	0	1	1	1	0	0	1	1	0	1	0	643.97
636	1	0	0	0	1	0	1	1	1	0	0	1	1	0	1	0	643.97
637	1	0	0	1	0	0	1	1	1	0	0	1	1	0	1	0	643.97
638	1	0	0	1	1	0	1	1	1	0	0	1	1	0	1	0	643.97
639	1	0	1	0	0	0	1	0	1	0	0	1	1	0	1	0	643.97
640	1	0	1	1	0	0	1	0	1	0	0	1	1	0	1	0	643.97
641	1	0	1	0	0	0	1	1	1	0	0	1	1	0	1	0	643.97
642	1	0	0	0	1	1	1	1	1	1	0	0	1	1	0	0	643.97
643	1	0	1	1	0	0	1	1	1	0	0	1	1	0	1	0	643.97
644	1	0	1	0	1	0	1	0	1	0	0	1	1	0	1	0	643.97
645	1	0	1	0	1	0	1	1	1	0	0	1	1	0	1	0	643.97
646	1	0	1	1	1	0	1	0	1	0	0	1	1	0	1	0	643.97
647	1	0	1	1	1	0	1	1	1	0	0	1	1	0	1	0	643.97
648	1	1	0	0	0	0	0	0	1	0	0	1	1	0	1	0	643.97
649	1	1	0	1	0	0	0	0	1	0	0	1	1	0	1	0	643.97
650	1	1	0	0	1	0	0	0	1	0	0	1	1	0	1	0	643.97
651	1	1	0	1	1	0	0	0	1	0	0	1	1	0	1	0	643.97
652	1	1	1	0	0	0	0	0	1	0	0	1	1	0	1	0	643.97
653	1	0	0	1	0	1	1	1	1	1	0	0	1	1	0	0	643.97
654	1	1	1	0	1	0	0	0	1	0	0	1	1	0	1	0	643.97
655	1	1	1	1	0	0	0	0	1	0	0	1	1	0	1	0	643.97
656	1	1	1	1	1	0	0	0	1	0	0	1	1	0	1	0	643.97
657	1	1	0	0	0	0	1	0	1	0	0	1	1	0	1	0	643.97
658	1	1	0	1	0	0	1	0	1	0	0	1	1	0	1	0	643.97
659	1	1	1	0	0	0	1	0	1	0	0	1	1	0	1	0	643.97
660	1	1	1	1	0	0	1	0	1	0	0	1	1	0	1	0	643.97
661	1	1	0	0	1	0	1	0	1	0	0	1	1	0	1	0	643.97
662	1	1	1	0	1	0	1	0	1	0	0	1	1	0	1	0	643.97
663	1	1	0	1	1	0	1	0	1	0	0	1	1	0	1	0	643.97
664	1	0	0	1	1	1	1	1	1	1	0	0	1	1	0	0	643.97
665	1	1	1	1	1	0	1	0	1	0	0	1	1	0	1	0	643.97
666	1	1	0	0	0	0	0	1	1	0	0	1	1	0	1	0	643.97
667	1	1	0	1	0	0	0	1	1	0	0	1	1	0	1	0	643.97
668	1	1	0	0	1	0	0	1	1	0	0	1	1	0	1	0	643.97
669	1	1	0	1	1	0	0	1	1	0	0	1	1	0	1	0	643.97
670	1	1	0	0	0	0	1	1	1	0	0	1	1	0	1	0	643.97
671	1	1	0	0	1	0	1	1	1	0	0	1	1	0	1	0	643.97
672	1	1	0	1	0	0	1	1	1	0	0	1	1	0	1	0	643.97
673	1	1	0	1	1	0	1	1	1	0	0	1	1	0	1	0	643.97
674	1	1	1	0	0	0	0	1	1	0	0	1	1	0	1	0	643.97
675	1	0	1	0	0	1	0	1	1	1	0	0	1	1	0	0	643.97
676	1	1	1	1	0	0	0	1	1	0	0	1	1	0	1	0	643.97
677	1	1	1	0	0	0	1	1	1	0	0	1	1	0	1	0	643.97
678	1	1	1	1	0	0	1	1	1	0	0	1	1	0	1	0	643.97
679	1	1	1	0	1	0	0	1	1	0	0	1	1	0	1	0	643.97
680	1	1	1	0	1	0	1	1	1	0	0	1	1	0	1	0	643.97
681	1	1	1	1	1	0	0	1	1	0	0	1	1	0	1	0	643.97
682	1	1	1	1	1	0	1	1	1	0	0	1	1	0	1	0	643.97
683	1	0	0	0	0	1	0	0	1	0	0	1	1	0	1	0	643.97
684	1	0	0	1	0	1	0	0	1	0	0	1	1	0	1	0	643.97
685	1	0	0	0	1	1	0	0	1	0	0	1	1	0	1	0	643.97
686	1	0	1	1	0	1	0	1	1	1	0	0	1	1	0	0	643.97
687	1	0	0	1	1	1	0	0	1	0	0	1	1	0	1	0	643.97
688	1	0	1	0	0	1	0	0	1	0	0	1	1	0	1	0	643.97
689	1	0	1	0	1	1	0	0	1	0	0	1	1	0	1	0	643.97
690	1	0	1	1	0	1	0	0	1	0	0	1	1	0	1	0	643.97
691	1	0	1	1	1	1	0	0	1	0	0	1	1	0	1	0	643.97
692	1	0	0	0	0	1	0	1	1	0	0	1	1	0	1	0	643.97
693	1	0	0	1	0	1	0	1	1	0	0	1	1	0	1	0	643.97
694	1	0	1	0	0	1	0	1	1	0	0	1	1	0	1	0	643.97
695	1	0	1	1	0	1	0	1	1	0	0	1	1	0	1	0	643.97
696	1	0	0	0	1	1	0	1	1	0	0	1	1	0	1	0	643.97
697	1	0	1	0	0	1	1	1	1	1	0	0	1	1	0	0	643.97
698	1	0	1	0	1	1	0	1	1	0	0	1	1	0	1	0	643.97
699	1	0	0	1	1	1	0	1	1	0	0	1	1	0	1	0	643.97
700	1	0	1	1	1	1	0	1	1	0	0	1	1	0	1	0	643.97
701	1	1	0	0	0	1	0	0	1	0	0	1	1	0	1	0	643.97
702	1	1	0	1	0	1	0	0	1	0	0	1	1	0	1	0	643.97
703	1	1	0	0	1	1	0	0	1	0	0	1	1	0	1	0	643.97
704	1	1	0	1	1	1	0	0	1	0	0	1	1	0	1	0	643.97
705	1	1	0	0	0	1	0	1	1	0	0	1	1	0	1	0	643.97
706	1	1	0	0	1	1	0	1	1	0	0	1	1	0	1	0	643.97
707	1	1	0	1	0	1	0	1	1	0	0	1	1	0	1	0	643.97
708	1	0	1	0	1	0	0	0	1	1	0	0	1	1	0	0	643.97
709	1	0	1	1	0	1	1	1	1	1	0	0	1	1	0	0	643.97
710	1	1	0	1	1	1	0	1	1	0	0	1	1	0	1	0	643.97
711	1	1	1	0	0	1	0	0	1	0	0	1	1	0	1	0	643.97
712	1	1	1	1	0	1	0	0	1	0	0	1	1	0	1	0	643.97
713	1	1	1	0	0	1	0	1	1	0	0	1	1	0	1	0	643.97
714	1	1	1	1	0	1	0	1	1	0	0	1	1	0	1	0	643.97
715	1	1	1	0	1	1	0	0	1	0	0	1	1	0	1	0	643.97
716	1	1	1	0	1	1	0	1	1	0	0	1	1	0	1	0	643.97
717	1	1	1	1	1	1	0	0	1	0	0	1	1	0	1	0	643.97
718	1	1	1	1	1	1	0	1	1	0	0	1	1	0	1	0	643.97
719	1	0	0	0	0	1	1	0	1	0	0	1	1	0	1	0	643.97
720	1	0	1	0	1	1	0	1	1	1	0	0	1	1	0	0	643.97
721	1	0	0	1	0	1	1	0	1	0	0	1	1	0	1	0	643.97
722	1	0	0	0	1	1	1	0	1	0	0	1	1	0	1	0	643.97
723	1	0	0	1	1	1	1	0	1	0	0	1	1	0	1	0	643.97
724	1	0	1	0	0	1	1	0	1	0	0	1	1	0	1	0	643.97
725	1	0	1	0	1	1	1	0	1	0	0	1	1	0	1	0	643.97
726	1	0	1	1	0	1	1	0	1	0	0	1	1	0	1	0	643.97
727	1	0	1	1	1	1	1	0	1	0	0	1	1	0	1	0	643.97
728	1	1	0	0	0	1	1	0	1	0	0	1	1	0	1	0	643.97
729	1	1	0	1	0	1	1	0	1	0	0	1	1	0	1	0	643.97
730	1	1	1	0	0	1	1	0	1	0	0	1	1	0	1	0	643.97
731	1	0	1	0	1	1	1	1	1	1	0	0	1	1	0	0	643.97
732	1	1	1	1	0	1	1	0	1	0	0	1	1	0	1	0	643.97
733	1	1	0	0	1	1	1	0	1	0	0	1	1	0	1	0	643.97
734	1	1	1	0	1	1	1	0	1	0	0	1	1	0	1	0	643.97
735	1	1	0	1	1	1	1	0	1	0	0	1	1	0	1	0	643.97
736	1	1	1	1	1	1	1	0	1	0	0	1	1	0	1	0	643.97
737	1	0	0	0	0	1	1	1	1	0	0	1	1	0	1	0	643.97
738	1	0	0	1	0	1	1	1	1	0	0	1	1	0	1	0	643.97
739	1	0	0	0	1	1	1	1	1	0	0	1	1	0	1	0	643.97
740	1	0	0	1	1	1	1	1	1	0	0	1	1	0	1	0	643.97
741	1	1	0	0	0	1	1	1	1	0	0	1	1	0	1	0	643.97
742	1	0	1	1	1	1	0	1	1	1	0	0	1	1	0	0	643.97
743	1	1	0	0	1	1	1	1	1	0	0	1	1	0	1	0	643.97
744	1	1	0	1	0	1	1	1	1	0	0	1	1	0	1	0	643.97
745	1	1	0	1	1	1	1	1	1	0	0	1	1	0	1	0	643.97
746	1	0	1	0	0	1	1	1	1	0	0	1	1	0	1	0	643.97
747	1	0	1	1	0	1	1	1	1	0	0	1	1	0	1	0	643.97
748	1	1	1	0	0	1	1	1	1	0	0	1	1	0	1	0	643.97
749	1	1	1	1	0	1	1	1	1	0	0	1	1	0	1	0	643.97
750	1	0	1	0	1	1	1	1	1	0	0	1	1	0	1	0	643.97
751	1	1	1	0	1	1	1	1	1	0	0	1	1	0	1	0	643.97
752	1	0	1	1	1	1	1	1	1	0	0	1	1	0	1	0	643.97
753	1	0	1	1	1	1	1	1	1	1	0	0	1	1	0	0	643.97
754	1	1	1	1	1	1	1	1	1	0	0	1	1	0	1	0	643.97
755	1	0	0	0	0	0	0	0	1	1	0	0	1	0	1	0	643.97
756	1	0	0	0	1	0	0	0	1	1	0	0	1	0	1	0	643.97
757	1	0	1	0	0	0	0	0	1	1	0	0	1	0	1	0	643.97
758	1	0	1	0	1	0	0	0	1	1	0	0	1	0	1	0	643.97
759	1	0	0	0	0	0	0	1	1	1	0	0	1	0	1	0	643.97
760	1	0	1	0	0	0	0	1	1	1	0	0	1	0	1	0	643.97
761	1	0	0	0	1	0	0	1	1	1	0	0	1	0	1	0	643.97
762	1	0	1	0	1	0	0	1	1	1	0	0	1	0	1	0	643.97
763	1	0	0	0	0	0	1	0	1	1	0	0	1	0	1	0	643.97
764	1	1	0	0	0	0	0	0	1	1	0	0	1	1	0	0	643.97
765	1	0	0	0	1	0	1	0	1	1	0	0	1	0	1	0	643.97
766	1	0	0	0	0	0	1	1	1	1	0	0	1	0	1	0	643.97
767	1	0	0	0	1	0	1	1	1	1	0	0	1	0	1	0	643.97
768	1	0	1	0	0	0	1	0	1	1	0	0	1	0	1	0	643.97
769	1	0	1	0	0	0	1	1	1	1	0	0	1	0	1	0	643.97
770	1	0	1	0	1	0	1	0	1	1	0	0	1	0	1	0	643.97
771	1	0	1	0	1	0	1	1	1	1	0	0	1	0	1	0	643.97
772	1	0	0	0	0	1	0	0	1	1	0	0	1	0	1	0	643.97
773	1	0	0	0	1	1	0	0	1	1	0	0	1	0	1	0	643.97
774	1	0	1	0	0	1	0	0	1	1	0	0	1	0	1	0	643.97
775	1	1	0	1	0	0	0	0	1	1	0	0	1	1	0	0	643.97
776	1	0	1	0	1	1	0	0	1	1	0	0	1	0	1	0	643.97
777	1	0	0	0	0	1	1	0	1	1	0	0	1	0	1	0	643.97
778	1	0	1	0	0	1	1	0	1	1	0	0	1	0	1	0	643.97
779	1	0	0	0	1	1	1	0	1	1	0	0	1	0	1	0	643.97
780	1	0	1	0	1	1	1	0	1	1	0	0	1	0	1	0	643.97
781	1	0	0	0	0	1	0	1	1	1	0	0	1	0	1	0	643.97
782	1	0	0	0	1	1	0	1	1	1	0	0	1	0	1	0	643.97
783	1	0	0	0	0	1	1	1	1	1	0	0	1	0	1	0	643.97
784	1	0	0	0	1	1	1	1	1	1	0	0	1	0	1	0	643.97
785	1	0	1	0	0	1	0	1	1	1	0	0	1	0	1	0	643.97
786	1	1	0	0	1	0	0	0	1	1	0	0	1	1	0	0	643.97
787	1	0	1	0	0	1	1	1	1	1	0	0	1	0	1	0	643.97
788	1	0	1	0	1	1	0	1	1	1	0	0	1	0	1	0	643.97
789	1	0	1	0	1	1	1	1	1	1	0	0	1	0	1	0	643.97
790	1	0	0	1	0	0	0	0	1	1	0	0	1	0	1	0	643.97
791	1	0	0	1	1	0	0	0	1	1	0	0	1	0	1	0	643.97
792	1	0	1	1	0	0	0	0	1	1	0	0	1	0	1	0	643.97
793	1	0	1	1	1	0	0	0	1	1	0	0	1	0	1	0	643.97
794	1	0	0	1	0	0	0	1	1	1	0	0	1	0	1	0	643.97
795	1	0	1	1	0	0	0	1	1	1	0	0	1	0	1	0	643.97
796	1	0	0	1	1	0	0	1	1	1	0	0	1	0	1	0	643.97
797	1	1	0	1	1	0	0	0	1	1	0	0	1	1	0	0	643.97
798	1	0	1	1	1	0	0	1	1	1	0	0	1	0	1	0	643.97
799	1	0	0	1	0	1	0	0	1	1	0	0	1	0	1	0	643.97
800	1	0	0	1	1	1	0	0	1	1	0	0	1	0	1	0	643.97
801	1	0	0	1	0	1	0	1	1	1	0	0	1	0	1	0	643.97
802	1	0	0	1	1	1	0	1	1	1	0	0	1	0	1	0	643.97
803	1	0	1	1	0	1	0	0	1	1	0	0	1	0	1	0	643.97
804	1	0	1	1	0	1	0	1	1	1	0	0	1	0	1	0	643.97
805	1	0	1	1	1	1	0	0	1	1	0	0	1	0	1	0	643.97
806	1	0	1	1	1	1	0	1	1	1	0	0	1	0	1	0	643.97
807	1	0	0	1	0	0	1	0	1	1	0	0	1	0	1	0	643.97
808	1	1	1	0	0	0	0	0	1	1	0	0	1	1	0	0	643.97
809	1	0	0	1	1	0	1	0	1	1	0	0	1	0	1	0	643.97
810	1	0	1	1	0	0	1	0	1	1	0	0	1	0	1	0	643.97
811	1	0	1	1	1	0	1	0	1	1	0	0	1	0	1	0	643.97
812	1	0	0	1	0	1	1	0	1	1	0	0	1	0	1	0	643.97
813	1	0	1	1	0	1	1	0	1	1	0	0	1	0	1	0	643.97
814	1	0	0	1	1	1	1	0	1	1	0	0	1	0	1	0	643.97
815	1	0	1	1	1	1	1	0	1	1	0	0	1	0	1	0	643.97
816	1	0	0	1	0	0	1	1	1	1	0	0	1	0	1	0	643.97
817	1	0	0	1	1	0	1	1	1	1	0	0	1	0	1	0	643.97
818	1	0	0	1	0	1	1	1	1	1	0	0	1	0	1	0	643.97
819	1	0	1	1	0	0	0	0	1	1	0	0	1	1	0	0	643.97
820	1	1	1	0	1	0	0	0	1	1	0	0	1	1	0	0	643.97
821	1	0	0	1	1	1	1	1	1	1	0	0	1	0	1	0	643.97
822	1	0	1	1	0	0	1	1	1	1	0	0	1	0	1	0	643.97
823	1	0	1	1	0	1	1	1	1	1	0	0	1	0	1	0	643.97
824	1	0	1	1	1	0	1	1	1	1	0	0	1	0	1	0	643.97
825	1	0	1	1	1	1	1	1	1	1	0	0	1	0	1	0	643.97
826	1	1	0	0	0	0	0	0	1	1	0	0	1	0	1	0	643.97
827	1	1	0	0	1	0	0	0	1	1	0	0	1	0	1	0	643.97
828	1	1	1	0	0	0	0	0	1	1	0	0	1	0	1	0	643.97
829	1	1	1	0	1	0	0	0	1	1	0	0	1	0	1	0	643.97
830	1	1	0	0	0	0	0	1	1	1	0	0	1	0	1	0	643.97
831	1	1	1	1	0	0	0	0	1	1	0	0	1	1	0	0	643.97
832	1	1	1	0	0	0	0	1	1	1	0	0	1	0	1	0	643.97
833	1	1	0	0	1	0	0	1	1	1	0	0	1	0	1	0	643.97
834	1	1	1	0	1	0	0	1	1	1	0	0	1	0	1	0	643.97
835	1	1	0	0	0	0	1	0	1	1	0	0	1	0	1	0	643.97
836	1	1	0	0	1	0	1	0	1	1	0	0	1	0	1	0	643.97
837	1	1	0	0	0	0	1	1	1	1	0	0	1	0	1	0	643.97
838	1	1	0	0	1	0	1	1	1	1	0	0	1	0	1	0	643.97
839	1	1	1	0	0	0	1	0	1	1	0	0	1	0	1	0	643.97
840	1	1	1	0	0	0	1	1	1	1	0	0	1	0	1	0	643.97
841	1	1	1	0	1	0	1	0	1	1	0	0	1	0	1	0	643.97
842	1	1	1	1	1	0	0	0	1	1	0	0	1	1	0	0	643.97
843	1	1	1	0	1	0	1	1	1	1	0	0	1	0	1	0	643.97
844	1	1	0	1	0	0	0	0	1	1	0	0	1	0	1	0	643.97
845	1	1	0	1	1	0	0	0	1	1	0	0	1	0	1	0	643.97
846	1	1	1	1	0	0	0	0	1	1	0	0	1	0	1	0	643.97
847	1	1	1	1	1	0	0	0	1	1	0	0	1	0	1	0	643.97
848	1	1	0	1	0	0	1	0	1	1	0	0	1	0	1	0	643.97
849	1	1	1	1	0	0	1	0	1	1	0	0	1	0	1	0	643.97
850	1	1	0	1	1	0	1	0	1	1	0	0	1	0	1	0	643.97
851	1	1	1	1	1	0	1	0	1	1	0	0	1	0	1	0	643.97
852	1	1	0	1	0	0	0	1	1	1	0	0	1	0	1	0	643.97
853	1	1	0	0	0	0	0	1	1	1	0	0	1	1	0	0	643.97
854	1	1	0	1	1	0	0	1	1	1	0	0	1	0	1	0	643.97
855	1	1	0	1	0	0	1	1	1	1	0	0	1	0	1	0	643.97
856	1	1	0	1	1	0	1	1	1	1	0	0	1	0	1	0	643.97
857	1	1	1	1	0	0	0	1	1	1	0	0	1	0	1	0	643.97
858	1	1	1	1	0	0	1	1	1	1	0	0	1	0	1	0	643.97
859	1	1	1	1	1	0	0	1	1	1	0	0	1	0	1	0	643.97
860	1	1	1	1	1	0	1	1	1	1	0	0	1	0	1	0	643.97
861	1	1	0	0	0	1	0	0	1	1	0	0	1	0	1	0	643.97
862	1	1	0	0	1	1	0	0	1	1	0	0	1	0	1	0	643.97
863	1	1	1	0	0	1	0	0	1	1	0	0	1	0	1	0	643.97
864	1	1	0	1	0	0	0	1	1	1	0	0	1	1	0	0	643.97
865	1	1	1	0	1	1	0	0	1	1	0	0	1	0	1	0	643.97
866	1	1	0	0	0	1	0	1	1	1	0	0	1	0	1	0	643.97
867	1	1	1	0	0	1	0	1	1	1	0	0	1	0	1	0	643.97
868	1	1	0	0	1	1	0	1	1	1	0	0	1	0	1	0	643.97
869	1	1	1	0	1	1	0	1	1	1	0	0	1	0	1	0	643.97
870	1	1	0	1	0	1	0	0	1	1	0	0	1	0	1	0	643.97
871	1	1	0	1	1	1	0	0	1	1	0	0	1	0	1	0	643.97
872	1	1	0	1	0	1	0	1	1	1	0	0	1	0	1	0	643.97
873	1	1	0	1	1	1	0	1	1	1	0	0	1	0	1	0	643.97
874	1	1	1	1	0	1	0	0	1	1	0	0	1	0	1	0	643.97
875	1	1	1	0	0	0	0	1	1	1	0	0	1	1	0	0	643.97
876	1	1	1	1	0	1	0	1	1	1	0	0	1	0	1	0	643.97
877	1	1	1	1	1	1	0	0	1	1	0	0	1	0	1	0	643.97
878	1	1	1	1	1	1	0	1	1	1	0	0	1	0	1	0	643.97
879	1	1	0	0	0	1	1	0	1	1	0	0	1	0	1	0	643.97
880	1	1	0	0	1	1	1	0	1	1	0	0	1	0	1	0	643.97
881	1	1	1	0	0	1	1	0	1	1	0	0	1	0	1	0	643.97
882	1	1	1	0	1	1	1	0	1	1	0	0	1	0	1	0	643.97
883	1	1	0	1	0	1	1	0	1	1	0	0	1	0	1	0	643.97
884	1	1	1	1	0	1	1	0	1	1	0	0	1	0	1	0	643.97
885	1	1	0	1	1	1	1	0	1	1	0	0	1	0	1	0	643.97
886	1	1	1	1	0	0	0	1	1	1	0	0	1	1	0	0	643.97
887	1	1	1	1	1	1	1	0	1	1	0	0	1	0	1	0	643.97
888	1	1	0	0	0	1	1	1	1	1	0	0	1	0	1	0	643.97
889	1	1	0	0	1	1	1	1	1	1	0	0	1	0	1	0	643.97
890	1	1	0	1	0	1	1	1	1	1	0	0	1	0	1	0	643.97
891	1	1	0	1	1	1	1	1	1	1	0	0	1	0	1	0	643.97
892	1	1	1	0	0	1	1	1	1	1	0	0	1	0	1	0	643.97
893	1	1	1	1	0	1	1	1	1	1	0	0	1	0	1	0	643.97
894	1	1	1	0	1	1	1	1	1	1	0	0	1	0	1	0	643.97
895	1	1	1	1	1	1	1	1	1	1	0	0	1	0	1	0	643.97
896	1	0	0	0	0	0	0	0	1	1	0	0	1	0	0	1	643.97
897	1	1	0	0	1	0	0	1	1	1	0	0	1	1	0	0	643.97
898	1	0	0	0	1	0	0	0	1	1	0	0	1	0	0	1	643.97
899	1	0	1	0	0	0	0	0	1	1	0	0	1	0	0	1	643.97
900	1	0	1	0	1	0	0	0	1	1	0	0	1	0	0	1	643.97
901	1	0	0	0	0	0	0	1	1	1	0	0	1	0	0	1	643.97
902	1	0	1	0	0	0	0	1	1	1	0	0	1	0	0	1	643.97
903	1	0	0	0	1	0	0	1	1	1	0	0	1	0	0	1	643.97
904	1	0	1	0	1	0	0	1	1	1	0	0	1	0	0	1	643.97
905	1	0	0	0	0	0	1	0	1	1	0	0	1	0	0	1	643.97
906	1	0	0	0	1	0	1	0	1	1	0	0	1	0	0	1	643.97
907	1	0	0	0	0	0	1	1	1	1	0	0	1	0	0	1	643.97
908	1	1	1	0	1	0	0	1	1	1	0	0	1	1	0	0	643.97
909	1	0	0	0	1	0	1	1	1	1	0	0	1	0	0	1	643.97
910	1	0	1	0	0	0	1	0	1	1	0	0	1	0	0	1	643.97
911	1	0	1	0	0	0	1	1	1	1	0	0	1	0	0	1	643.97
912	1	0	1	0	1	0	1	0	1	1	0	0	1	0	0	1	643.97
913	1	0	1	0	1	0	1	1	1	1	0	0	1	0	0	1	643.97
914	1	0	0	0	0	1	0	0	1	1	0	0	1	0	0	1	643.97
915	1	0	0	0	1	1	0	0	1	1	0	0	1	0	0	1	643.97
916	1	0	1	0	0	1	0	0	1	1	0	0	1	0	0	1	643.97
917	1	0	1	0	1	1	0	0	1	1	0	0	1	0	0	1	643.97
918	1	0	0	0	0	1	1	0	1	1	0	0	1	0	0	1	643.97
919	1	1	0	1	1	0	0	1	1	1	0	0	1	1	0	0	643.97
920	1	0	1	0	0	1	1	0	1	1	0	0	1	0	0	1	643.97
921	1	0	0	0	1	1	1	0	1	1	0	0	1	0	0	1	643.97
922	1	0	1	0	1	1	1	0	1	1	0	0	1	0	0	1	643.97
923	1	0	0	0	0	1	0	1	1	1	0	0	1	0	0	1	643.97
924	1	0	0	0	1	1	0	1	1	1	0	0	1	0	0	1	643.97
925	1	0	0	0	0	1	1	1	1	1	0	0	1	0	0	1	643.97
926	1	0	0	0	1	1	1	1	1	1	0	0	1	0	0	1	643.97
927	1	0	1	0	0	1	0	1	1	1	0	0	1	0	0	1	643.97
928	1	0	1	0	0	1	1	1	1	1	0	0	1	0	0	1	643.97
929	1	0	1	0	1	1	0	1	1	1	0	0	1	0	0	1	643.97
930	1	0	1	1	1	0	0	0	1	1	0	0	1	1	0	0	643.97
931	1	1	1	1	1	0	0	1	1	1	0	0	1	1	0	0	643.97
932	1	0	1	0	1	1	1	1	1	1	0	0	1	0	0	1	643.97
933	1	1	0	0	0	0	0	0	1	1	0	0	1	0	0	1	643.97
934	1	1	0	0	1	0	0	0	1	1	0	0	1	0	0	1	643.97
935	1	1	1	0	0	0	0	0	1	1	0	0	1	0	0	1	643.97
936	1	1	1	0	1	0	0	0	1	1	0	0	1	0	0	1	643.97
937	1	1	0	0	0	0	0	1	1	1	0	0	1	0	0	1	643.97
938	1	1	1	0	0	0	0	1	1	1	0	0	1	0	0	1	643.97
939	1	1	0	0	1	0	0	1	1	1	0	0	1	0	0	1	643.97
940	1	1	1	0	1	0	0	1	1	1	0	0	1	0	0	1	643.97
941	1	1	0	0	0	1	0	0	1	1	0	0	1	0	0	1	643.97
942	1	1	0	0	0	1	0	0	1	1	0	0	1	1	0	0	643.97
943	1	1	0	0	1	1	0	0	1	1	0	0	1	0	0	1	643.97
944	1	1	0	0	0	1	0	1	1	1	0	0	1	0	0	1	643.97
945	1	1	0	0	1	1	0	1	1	1	0	0	1	0	0	1	643.97
946	1	1	1	0	0	1	0	0	1	1	0	0	1	0	0	1	643.97
947	1	1	1	0	0	1	0	1	1	1	0	0	1	0	0	1	643.97
948	1	1	1	0	1	1	0	0	1	1	0	0	1	0	0	1	643.97
949	1	1	1	0	1	1	0	1	1	1	0	0	1	0	0	1	643.97
950	1	1	0	0	0	0	1	0	1	1	0	0	1	0	0	1	643.97
951	1	1	0	0	1	0	1	0	1	1	0	0	1	0	0	1	643.97
952	1	1	1	0	0	0	1	0	1	1	0	0	1	0	0	1	643.97
953	1	1	0	1	0	1	0	0	1	1	0	0	1	1	0	0	643.97
954	1	1	1	0	1	0	1	0	1	1	0	0	1	0	0	1	643.97
955	1	1	0	0	0	1	1	0	1	1	0	0	1	0	0	1	643.97
956	1	1	1	0	0	1	1	0	1	1	0	0	1	0	0	1	643.97
957	1	1	0	0	1	1	1	0	1	1	0	0	1	0	0	1	643.97
958	1	1	1	0	1	1	1	0	1	1	0	0	1	0	0	1	643.97
959	1	1	0	0	0	0	1	1	1	1	0	0	1	0	0	1	643.97
960	1	1	0	0	1	0	1	1	1	1	0	0	1	0	0	1	643.97
961	1	1	0	0	0	1	1	1	1	1	0	0	1	0	0	1	643.97
962	1	1	0	0	1	1	1	1	1	1	0	0	1	0	0	1	643.97
963	1	1	1	0	0	0	1	1	1	1	0	0	1	0	0	1	643.97
964	1	1	0	0	1	1	0	0	1	1	0	0	1	1	0	0	643.97
965	1	1	1	0	0	1	1	1	1	1	0	0	1	0	0	1	643.97
966	1	1	1	0	1	0	1	1	1	1	0	0	1	0	0	1	643.97
967	1	1	1	0	1	1	1	1	1	1	0	0	1	0	0	1	643.97
968	1	0	0	1	0	0	0	0	1	1	0	0	1	0	0	1	643.97
969	1	0	0	1	1	0	0	0	1	1	0	0	1	0	0	1	643.97
970	1	0	1	1	0	0	0	0	1	1	0	0	1	0	0	1	643.97
971	1	0	1	1	1	0	0	0	1	1	0	0	1	0	0	1	643.97
972	1	0	0	1	0	0	0	1	1	1	0	0	1	0	0	1	643.97
973	1	0	1	1	0	0	0	1	1	1	0	0	1	0	0	1	643.97
974	1	0	0	1	1	0	0	1	1	1	0	0	1	0	0	1	643.97
975	1	1	0	1	1	1	0	0	1	1	0	0	1	1	0	0	643.97
976	1	0	1	1	1	0	0	1	1	1	0	0	1	0	0	1	643.97
977	1	0	0	1	0	0	1	0	1	1	0	0	1	0	0	1	643.97
978	1	0	0	1	1	0	1	0	1	1	0	0	1	0	0	1	643.97
979	1	0	0	1	0	0	1	1	1	1	0	0	1	0	0	1	643.97
980	1	0	0	1	1	0	1	1	1	1	0	0	1	0	0	1	643.97
981	1	0	1	1	0	0	1	0	1	1	0	0	1	0	0	1	643.97
982	1	0	1	1	0	0	1	1	1	1	0	0	1	0	0	1	643.97
983	1	0	1	1	1	0	1	0	1	1	0	0	1	0	0	1	643.97
984	1	0	1	1	1	0	1	1	1	1	0	0	1	0	0	1	643.97
985	1	1	0	1	0	0	0	0	1	1	0	0	1	0	0	1	643.97
986	1	1	0	0	0	1	0	1	1	1	0	0	1	1	0	0	643.97
987	1	1	0	1	1	0	0	0	1	1	0	0	1	0	0	1	643.97
988	1	1	1	1	0	0	0	0	1	1	0	0	1	0	0	1	643.97
989	1	1	1	1	1	0	0	0	1	1	0	0	1	0	0	1	643.97
990	1	1	0	1	0	0	1	0	1	1	0	0	1	0	0	1	643.97
991	1	1	1	1	0	0	1	0	1	1	0	0	1	0	0	1	643.97
992	1	1	0	1	1	0	1	0	1	1	0	0	1	0	0	1	643.97
993	1	1	1	1	1	0	1	0	1	1	0	0	1	0	0	1	643.97
994	1	1	0	1	0	0	0	1	1	1	0	0	1	0	0	1	643.97
995	1	1	0	1	1	0	0	1	1	1	0	0	1	0	0	1	643.97
996	1	1	0	1	0	0	1	1	1	1	0	0	1	0	0	1	643.97
997	1	1	0	0	1	1	0	1	1	1	0	0	1	1	0	0	643.97
998	1	1	0	1	1	0	1	1	1	1	0	0	1	0	0	1	643.97
999	1	1	1	1	0	0	0	1	1	1	0	0	1	0	0	1	643.97
1000	1	1	1	1	0	0	1	1	1	1	0	0	1	0	0	1	643.97
1001	1	1	1	1	1	0	0	1	1	1	0	0	1	0	0	1	643.97
1002	1	1	1	1	1	0	1	1	1	1	0	0	1	0	0	1	643.97
1003	1	0	0	1	0	1	0	0	1	1	0	0	1	0	0	1	643.97
1004	1	0	0	1	1	1	0	0	1	1	0	0	1	0	0	1	643.97
1005	1	0	1	1	0	1	0	0	1	1	0	0	1	0	0	1	643.97
1006	1	0	1	1	1	1	0	0	1	1	0	0	1	0	0	1	643.97
1007	1	0	0	1	0	1	0	1	1	1	0	0	1	0	0	1	643.97
1008	1	1	0	1	0	1	0	1	1	1	0	0	1	1	0	0	643.97
1009	1	0	1	1	0	1	0	1	1	1	0	0	1	0	0	1	643.97
1010	1	0	0	1	1	1	0	1	1	1	0	0	1	0	0	1	643.97
1011	1	0	1	1	1	1	0	1	1	1	0	0	1	0	0	1	643.97
1012	1	1	0	1	0	1	0	0	1	1	0	0	1	0	0	1	643.97
1013	1	1	0	1	1	1	0	0	1	1	0	0	1	0	0	1	643.97
1014	1	1	0	1	0	1	0	1	1	1	0	0	1	0	0	1	643.97
1015	1	1	0	1	1	1	0	1	1	1	0	0	1	0	0	1	643.97
1016	1	1	1	1	0	1	0	0	1	1	0	0	1	0	0	1	643.97
1017	1	1	1	1	0	1	0	1	1	1	0	0	1	0	0	1	643.97
1018	1	1	1	1	1	1	0	0	1	1	0	0	1	0	0	1	643.97
1019	1	1	0	1	1	1	0	1	1	1	0	0	1	1	0	0	643.97
1020	1	1	1	1	1	1	0	1	1	1	0	0	1	0	0	1	643.97
1021	1	0	0	1	0	1	1	0	1	1	0	0	1	0	0	1	643.97
1022	1	0	0	1	1	1	1	0	1	1	0	0	1	0	0	1	643.97
1023	1	0	1	1	0	1	1	0	1	1	0	0	1	0	0	1	643.97
1024	1	0	1	1	1	1	1	0	1	1	0	0	1	0	0	1	643.97
1025	1	1	0	1	0	1	1	0	1	1	0	0	1	0	0	1	643.97
1026	1	1	1	1	0	1	1	0	1	1	0	0	1	0	0	1	643.97
1027	1	1	0	1	1	1	1	0	1	1	0	0	1	0	0	1	643.97
1028	1	1	1	1	1	1	1	0	1	1	0	0	1	0	0	1	643.97
1029	1	0	0	1	0	1	1	1	1	1	0	0	1	0	0	1	643.97
1030	1	1	1	0	0	1	0	0	1	1	0	0	1	1	0	0	643.97
1031	1	0	0	1	1	1	1	1	1	1	0	0	1	0	0	1	643.97
1032	1	1	0	1	0	1	1	1	1	1	0	0	1	0	0	1	643.97
1033	1	1	0	1	1	1	1	1	1	1	0	0	1	0	0	1	643.97
1034	1	0	1	1	0	1	1	1	1	1	0	0	1	0	0	1	643.97
1035	1	1	1	1	0	1	1	1	1	1	0	0	1	0	0	1	643.97
1036	1	0	1	1	1	1	1	1	1	1	0	0	1	0	0	1	643.97
1037	1	1	1	1	1	1	1	1	1	1	0	0	1	0	0	1	643.97
1038	1	0	0	0	0	0	0	0	1	0	0	1	1	0	0	1	643.97
1039	1	0	0	0	1	0	0	0	1	0	0	1	1	0	0	1	643.97
1040	1	0	1	0	0	0	0	0	1	0	0	1	1	0	0	1	643.97
1041	1	0	0	0	0	0	0	1	1	1	0	0	1	1	0	0	643.97
1042	1	1	1	1	0	1	0	0	1	1	0	0	1	1	0	0	643.97
1043	1	0	1	0	1	0	0	0	1	0	0	1	1	0	0	1	643.97
1044	1	0	0	0	0	0	0	1	1	0	0	1	1	0	0	1	643.97
1045	1	0	1	0	0	0	0	1	1	0	0	1	1	0	0	1	643.97
1046	1	0	0	0	1	0	0	1	1	0	0	1	1	0	0	1	643.97
1047	1	0	1	0	1	0	0	1	1	0	0	1	1	0	0	1	643.97
1048	1	0	0	0	0	0	1	0	1	0	0	1	1	0	0	1	643.97
1049	1	0	0	0	1	0	1	0	1	0	0	1	1	0	0	1	643.97
1050	1	0	0	0	0	0	1	1	1	0	0	1	1	0	0	1	643.97
1051	1	0	0	0	1	0	1	1	1	0	0	1	1	0	0	1	643.97
1052	1	0	1	0	0	0	1	0	1	0	0	1	1	0	0	1	643.97
1053	1	1	1	0	0	1	0	1	1	1	0	0	1	1	0	0	643.97
1054	1	0	1	0	0	0	1	1	1	0	0	1	1	0	0	1	643.97
1055	1	0	1	0	1	0	1	0	1	0	0	1	1	0	0	1	643.97
1056	1	0	1	0	1	0	1	1	1	0	0	1	1	0	0	1	643.97
1057	1	0	0	0	0	1	0	0	1	0	0	1	1	0	0	1	643.97
1058	1	0	0	0	1	1	0	0	1	0	0	1	1	0	0	1	643.97
1059	1	0	1	0	0	1	0	0	1	0	0	1	1	0	0	1	643.97
1060	1	0	1	0	1	1	0	0	1	0	0	1	1	0	0	1	643.97
1061	1	0	0	0	0	1	1	0	1	0	0	1	1	0	0	1	643.97
1062	1	0	1	0	0	1	1	0	1	0	0	1	1	0	0	1	643.97
1063	1	0	0	0	1	1	1	0	1	0	0	1	1	0	0	1	643.97
1064	1	1	1	1	0	1	0	1	1	1	0	0	1	1	0	0	643.97
1065	1	0	1	0	1	1	1	0	1	0	0	1	1	0	0	1	643.97
1066	1	0	0	0	0	1	0	1	1	0	0	1	1	0	0	1	643.97
1067	1	0	0	0	1	1	0	1	1	0	0	1	1	0	0	1	643.97
1068	1	0	0	0	0	1	1	1	1	0	0	1	1	0	0	1	643.97
1069	1	0	0	0	1	1	1	1	1	0	0	1	1	0	0	1	643.97
1070	1	0	1	0	0	1	0	1	1	0	0	1	1	0	0	1	643.97
1071	1	0	1	0	0	1	1	1	1	0	0	1	1	0	0	1	643.97
1072	1	0	1	0	1	1	0	1	1	0	0	1	1	0	0	1	643.97
1073	1	0	1	0	1	1	1	1	1	0	0	1	1	0	0	1	643.97
1074	1	0	0	1	0	0	0	0	1	0	0	1	1	0	0	1	643.97
1075	1	1	1	0	1	1	0	0	1	1	0	0	1	1	0	0	643.97
1076	1	0	0	1	1	0	0	0	1	0	0	1	1	0	0	1	643.97
1077	1	0	1	1	0	0	0	0	1	0	0	1	1	0	0	1	643.97
1078	1	0	1	1	1	0	0	0	1	0	0	1	1	0	0	1	643.97
1079	1	0	0	1	0	0	0	1	1	0	0	1	1	0	0	1	643.97
1080	1	0	1	1	0	0	0	1	1	0	0	1	1	0	0	1	643.97
1081	1	0	0	1	1	0	0	1	1	0	0	1	1	0	0	1	643.97
1082	1	0	1	1	1	0	0	1	1	0	0	1	1	0	0	1	643.97
1083	1	0	0	1	0	1	0	0	1	0	0	1	1	0	0	1	643.97
1084	1	0	0	1	1	1	0	0	1	0	0	1	1	0	0	1	643.97
1085	1	0	0	1	0	1	0	1	1	0	0	1	1	0	0	1	643.97
1086	1	1	1	0	1	1	0	1	1	1	0	0	1	1	0	0	643.97
1087	1	0	0	1	1	1	0	1	1	0	0	1	1	0	0	1	643.97
1088	1	0	1	1	0	1	0	0	1	0	0	1	1	0	0	1	643.97
1089	1	0	1	1	0	1	0	1	1	0	0	1	1	0	0	1	643.97
1090	1	0	1	1	1	1	0	0	1	0	0	1	1	0	0	1	643.97
1091	1	0	1	1	1	1	0	1	1	0	0	1	1	0	0	1	643.97
1092	1	0	0	1	0	0	1	0	1	0	0	1	1	0	0	1	643.97
1093	1	0	0	1	1	0	1	0	1	0	0	1	1	0	0	1	643.97
1094	1	0	1	1	0	0	1	0	1	0	0	1	1	0	0	1	643.97
1095	1	0	1	1	1	0	1	0	1	0	0	1	1	0	0	1	643.97
1096	1	0	0	1	0	1	1	0	1	0	0	1	1	0	0	1	643.97
1097	1	1	1	1	1	1	0	0	1	1	0	0	1	1	0	0	643.97
1098	1	0	1	1	0	1	1	0	1	0	0	1	1	0	0	1	643.97
1099	1	0	0	1	1	1	1	0	1	0	0	1	1	0	0	1	643.97
1100	1	0	1	1	1	1	1	0	1	0	0	1	1	0	0	1	643.97
1101	1	0	0	1	0	0	1	1	1	0	0	1	1	0	0	1	643.97
1102	1	0	0	1	1	0	1	1	1	0	0	1	1	0	0	1	643.97
1103	1	0	0	1	0	1	1	1	1	0	0	1	1	0	0	1	643.97
1104	1	0	0	1	1	1	1	1	1	0	0	1	1	0	0	1	643.97
1105	1	0	1	1	0	0	1	1	1	0	0	1	1	0	0	1	643.97
1106	1	0	1	1	0	1	1	1	1	0	0	1	1	0	0	1	643.97
1107	1	0	1	1	1	0	1	1	1	0	0	1	1	0	0	1	643.97
1108	1	1	1	1	1	1	0	1	1	1	0	0	1	1	0	0	643.97
1109	1	0	1	1	1	1	1	1	1	0	0	1	1	0	0	1	643.97
1110	1	1	0	0	0	0	0	0	1	0	0	1	1	0	0	1	643.97
1111	1	1	0	0	1	0	0	0	1	0	0	1	1	0	0	1	643.97
1112	1	1	1	0	0	0	0	0	1	0	0	1	1	0	0	1	643.97
1113	1	1	1	0	1	0	0	0	1	0	0	1	1	0	0	1	643.97
1114	1	1	0	0	0	0	0	1	1	0	0	1	1	0	0	1	643.97
1115	1	1	1	0	0	0	0	1	1	0	0	1	1	0	0	1	643.97
1116	1	1	0	0	1	0	0	1	1	0	0	1	1	0	0	1	643.97
1117	1	1	1	0	1	0	0	1	1	0	0	1	1	0	0	1	643.97
1118	1	1	0	0	0	0	1	0	1	0	0	1	1	0	0	1	643.97
1119	1	1	0	0	0	0	1	0	1	1	0	0	1	1	0	0	643.97
1120	1	1	0	0	1	0	1	0	1	0	0	1	1	0	0	1	643.97
1121	1	1	0	0	0	0	1	1	1	0	0	1	1	0	0	1	643.97
1122	1	1	0	0	1	0	1	1	1	0	0	1	1	0	0	1	643.97
1123	1	1	1	0	0	0	1	0	1	0	0	1	1	0	0	1	643.97
1124	1	1	1	0	0	0	1	1	1	0	0	1	1	0	0	1	643.97
1125	1	1	1	0	1	0	1	0	1	0	0	1	1	0	0	1	643.97
1126	1	1	1	0	1	0	1	1	1	0	0	1	1	0	0	1	643.97
1127	1	1	0	1	0	0	0	0	1	0	0	1	1	0	0	1	643.97
1128	1	1	0	1	1	0	0	0	1	0	0	1	1	0	0	1	643.97
1129	1	1	1	1	0	0	0	0	1	0	0	1	1	0	0	1	643.97
1130	1	1	0	1	0	0	1	0	1	1	0	0	1	1	0	0	643.97
1131	1	1	1	1	1	0	0	0	1	0	0	1	1	0	0	1	643.97
1132	1	1	0	1	0	0	1	0	1	0	0	1	1	0	0	1	643.97
1133	1	1	1	1	0	0	1	0	1	0	0	1	1	0	0	1	643.97
1134	1	1	0	1	1	0	1	0	1	0	0	1	1	0	0	1	643.97
1135	1	1	1	1	1	0	1	0	1	0	0	1	1	0	0	1	643.97
1136	1	1	0	1	0	0	0	1	1	0	0	1	1	0	0	1	643.97
1137	1	1	0	1	1	0	0	1	1	0	0	1	1	0	0	1	643.97
1138	1	1	0	1	0	0	1	1	1	0	0	1	1	0	0	1	643.97
1139	1	1	0	1	1	0	1	1	1	0	0	1	1	0	0	1	643.97
1140	1	1	1	1	0	0	0	1	1	0	0	1	1	0	0	1	643.97
1141	1	1	0	0	1	0	1	0	1	1	0	0	1	1	0	0	643.97
1142	1	1	1	1	0	0	1	1	1	0	0	1	1	0	0	1	643.97
1143	1	1	1	1	1	0	0	1	1	0	0	1	1	0	0	1	643.97
1144	1	1	1	1	1	0	1	1	1	0	0	1	1	0	0	1	643.97
1145	1	1	0	0	0	1	0	0	1	0	0	1	1	0	0	1	643.97
1146	1	1	0	0	1	1	0	0	1	0	0	1	1	0	0	1	643.97
1147	1	1	1	0	0	1	0	0	1	0	0	1	1	0	0	1	643.97
1148	1	1	1	0	1	1	0	0	1	0	0	1	1	0	0	1	643.97
1149	1	1	0	0	0	1	0	1	1	0	0	1	1	0	0	1	643.97
1150	1	1	1	0	0	1	0	1	1	0	0	1	1	0	0	1	643.97
1151	1	1	0	0	1	1	0	1	1	0	0	1	1	0	0	1	643.97
